complaint_id,customer_id,complaint_date,category,resolution_time_hours
CMP_00001,Customer_00004,2026-08-02,billing,75
CMP_00002,Customer_00005,2026-08-05,billing,65
CMP_00003,Customer_00006,2026-08-02,outage,9
CMP_00004,Customer_00008,2026-08-01,billing,77
CMP_00005,Customer_00009,2026-08-01,outage,15
CMP_00006,Customer_00012,2026-08-05,other,28
CMP_00007,Customer_00014,2026-08-01,billing,89
CMP_00008,Customer_00015,2026-08-01,billing,54
CMP_00009,Customer_00016,2026-08-05,other,57
CMP_00010,Customer_00017,2026-08-03,outage,39
CMP_00011,Customer_00018,2026-08-02,billing,56
CMP_00012,Customer_00021,2026-08-02,other,12
CMP_00013,Customer_00022,2026-08-02,other,42
CMP_00014,Customer_00023,2026-08-01,outage,19
CMP_00015,Customer_00027,2026-08-04,outage,20
CMP_00016,Customer_00029,2026-08-01,speed,70
CMP_00017,Customer_00030,2026-08-03,billing,45
CMP_00018,Customer_00033,2026-08-05,speed,58
CMP_00019,Customer_00034,2026-08-01,billing,31
CMP_00020,Customer_00036,2026-08-02,speed,65
CMP_00021,Customer_00038,2026-08-03,other,80
CMP_00022,Customer_00039,2026-08-02,billing,5
CMP_00023,Customer_00040,2026-08-02,billing,58
CMP_00024,Customer_00042,2026-08-02,billing,25
CMP_00025,Customer_00043,2026-08-04,other,84
CMP_00026,Customer_00044,2026-08-01,other,27
CMP_00027,Customer_00045,2026-08-03,outage,60
CMP_00028,Customer_00047,2026-08-01,billing,54
CMP_00029,Customer_00050,2026-08-02,outage,40
CMP_00030,Customer_00051,2026-08-02,other,66
CMP_00031,Customer_00052,2026-08-05,outage,70
CMP_00032,Customer_00053,2026-08-05,other,56
CMP_00033,Customer_00055,2026-08-03,speed,28
CMP_00034,Customer_00056,2026-08-01,other,70
CMP_00035,Customer_00057,2026-08-03,other,17
CMP_00036,Customer_00058,2026-08-02,speed,89
CMP_00037,Customer_00059,2026-08-01,outage,90
CMP_00038,Customer_00064,2026-08-05,speed,5
CMP_00039,Customer_00065,2026-08-02,billing,77
CMP_00040,Customer_00066,2026-08-03,speed,51
CMP_00041,Customer_00067,2026-08-02,speed,41
CMP_00042,Customer_00072,2026-08-05,other,12
CMP_00043,Customer_00073,2026-08-02,other,85
CMP_00044,Customer_00074,2026-08-01,outage,40
CMP_00045,Customer_00076,2026-08-01,billing,66
CMP_00046,Customer_00077,2026-08-04,speed,17
CMP_00047,Customer_00078,2026-08-05,speed,92
CMP_00048,Customer_00079,2026-08-03,speed,20
CMP_00049,Customer_00080,2026-08-05,outage,22
CMP_00050,Customer_00081,2026-08-01,other,83
CMP_00051,Customer_00082,2026-08-04,other,87
CMP_00052,Customer_00083,2026-08-04,billing,23
CMP_00053,Customer_00084,2026-08-01,speed,47
CMP_00054,Customer_00085,2026-08-04,other,71
CMP_00055,Customer_00090,2026-08-04,outage,84
CMP_00056,Customer_00091,2026-08-05,outage,38
CMP_00057,Customer_00094,2026-08-01,speed,51
CMP_00058,Customer_00095,2026-08-01,billing,72
CMP_00059,Customer_00096,2026-08-03,outage,71
CMP_00060,Customer_00097,2026-08-02,outage,76
CMP_00061,Customer_00100,2026-08-01,other,56
CMP_00062,Customer_00101,2026-08-01,speed,13
CMP_00063,Customer_00102,2026-08-01,other,87
CMP_00064,Customer_00103,2026-08-01,outage,83
CMP_00065,Customer_00104,2026-08-03,other,77
CMP_00066,Customer_00105,2026-08-02,outage,13
CMP_00067,Customer_00108,2026-08-02,speed,4
CMP_00068,Customer_00109,2026-08-03,billing,43
CMP_00069,Customer_00110,2026-08-03,outage,45
CMP_00070,Customer_00111,2026-08-05,billing,23
CMP_00071,Customer_00113,2026-08-02,other,94
CMP_00072,Customer_00114,2026-08-04,speed,78
CMP_00073,Customer_00115,2026-08-01,outage,89
CMP_00074,Customer_00116,2026-08-04,other,61
CMP_00075,Customer_00118,2026-08-02,speed,61
CMP_00076,Customer_00121,2026-08-04,speed,36
CMP_00077,Customer_00122,2026-08-05,outage,56
CMP_00078,Customer_00123,2026-08-02,outage,39
CMP_00079,Customer_00125,2026-08-02,speed,4
CMP_00080,Customer_00126,2026-08-03,outage,56
CMP_00081,Customer_00127,2026-08-02,other,50
CMP_00082,Customer_00129,2026-08-05,speed,10
CMP_00083,Customer_00130,2026-08-04,billing,35
CMP_00084,Customer_00132,2026-08-03,speed,37
CMP_00085,Customer_00133,2026-08-03,speed,74
CMP_00086,Customer_00134,2026-08-04,billing,34
CMP_00087,Customer_00135,2026-08-03,billing,32
CMP_00088,Customer_00136,2026-08-03,outage,8
CMP_00089,Customer_00139,2026-08-04,speed,6
CMP_00090,Customer_00142,2026-08-05,other,70
CMP_00091,Customer_00143,2026-08-04,billing,22
CMP_00092,Customer_00145,2026-08-05,billing,47
CMP_00093,Customer_00148,2026-08-01,other,57
CMP_00094,Customer_00150,2026-08-05,other,35
CMP_00095,Customer_00152,2026-08-05,speed,47
CMP_00096,Customer_00153,2026-08-01,billing,93
CMP_00097,Customer_00154,2026-08-01,billing,48
CMP_00098,Customer_00155,2026-08-04,outage,9
CMP_00099,Customer_00157,2026-08-02,speed,45
CMP_00100,Customer_00158,2026-08-02,speed,15
CMP_00101,Customer_00161,2026-08-04,billing,4
CMP_00102,Customer_00164,2026-08-03,speed,12
CMP_00103,Customer_00165,2026-08-05,other,26
CMP_00104,Customer_00167,2026-08-01,outage,65
CMP_00105,Customer_00168,2026-08-01,speed,85
CMP_00106,Customer_00169,2026-08-01,billing,25
CMP_00107,Customer_00174,2026-08-03,speed,16
CMP_00108,Customer_00175,2026-08-05,speed,32
CMP_00109,Customer_00176,2026-08-02,other,31
CMP_00110,Customer_00177,2026-08-02,other,75
CMP_00111,Customer_00178,2026-08-01,other,13
CMP_00112,Customer_00180,2026-08-05,other,60
CMP_00113,Customer_00181,2026-08-02,other,36
CMP_00114,Customer_00182,2026-08-03,other,58
CMP_00115,Customer_00183,2026-08-02,billing,41
CMP_00116,Customer_00185,2026-08-04,billing,90
CMP_00117,Customer_00186,2026-08-01,speed,24
CMP_00118,Customer_00187,2026-08-02,outage,43
CMP_00119,Customer_00188,2026-08-02,speed,12
CMP_00120,Customer_00189,2026-08-04,other,81
CMP_00121,Customer_00191,2026-08-04,outage,60
CMP_00122,Customer_00192,2026-08-02,speed,53
CMP_00123,Customer_00193,2026-08-05,outage,19
CMP_00124,Customer_00195,2026-08-04,billing,27
CMP_00125,Customer_00196,2026-08-01,speed,18
CMP_00126,Customer_00197,2026-08-05,billing,82
CMP_00127,Customer_00198,2026-08-02,speed,57
CMP_00128,Customer_00199,2026-08-01,outage,71
CMP_00129,Customer_00200,2026-08-01,outage,31
CMP_00130,Customer_00201,2026-08-02,other,38
CMP_00131,Customer_00202,2026-08-04,other,41
CMP_00132,Customer_00204,2026-08-02,billing,73
CMP_00133,Customer_00205,2026-08-03,billing,75
CMP_00134,Customer_00207,2026-08-04,billing,23
CMP_00135,Customer_00210,2026-08-05,outage,90
CMP_00136,Customer_00211,2026-08-02,speed,41
CMP_00137,Customer_00213,2026-08-04,billing,25
CMP_00138,Customer_00214,2026-08-02,other,70
CMP_00139,Customer_00215,2026-08-03,billing,39
CMP_00140,Customer_00216,2026-08-02,speed,20
CMP_00141,Customer_00219,2026-08-05,other,60
CMP_00142,Customer_00220,2026-08-02,billing,63
CMP_00143,Customer_00221,2026-08-03,speed,9
CMP_00144,Customer_00225,2026-08-04,speed,21
CMP_00145,Customer_00228,2026-08-03,billing,84
CMP_00146,Customer_00229,2026-08-05,outage,16
CMP_00147,Customer_00231,2026-08-04,other,56
CMP_00148,Customer_00232,2026-08-05,other,72
CMP_00149,Customer_00233,2026-08-03,speed,53
CMP_00150,Customer_00234,2026-08-02,outage,70
CMP_00151,Customer_00235,2026-08-01,billing,34
CMP_00152,Customer_00236,2026-08-01,billing,31
CMP_00153,Customer_00238,2026-08-05,billing,7
CMP_00154,Customer_00239,2026-08-03,other,10
CMP_00155,Customer_00240,2026-08-04,other,4
CMP_00156,Customer_00241,2026-08-03,other,34
CMP_00157,Customer_00242,2026-08-02,outage,29
CMP_00158,Customer_00243,2026-08-01,speed,45
CMP_00159,Customer_00247,2026-08-02,outage,40
CMP_00160,Customer_00248,2026-08-04,outage,79
CMP_00161,Customer_00249,2026-08-04,speed,37
CMP_00162,Customer_00250,2026-08-03,billing,37
CMP_00163,Customer_00252,2026-08-03,speed,15
CMP_00164,Customer_00255,2026-08-03,billing,91
CMP_00165,Customer_00256,2026-08-05,billing,48
CMP_00166,Customer_00257,2026-08-04,other,91
CMP_00167,Customer_00258,2026-08-03,billing,19
CMP_00168,Customer_00259,2026-08-05,speed,55
CMP_00169,Customer_00261,2026-08-04,other,23
CMP_00170,Customer_00263,2026-08-04,billing,27
CMP_00171,Customer_00264,2026-08-05,other,6
CMP_00172,Customer_00268,2026-08-02,speed,14
CMP_00173,Customer_00269,2026-08-01,billing,88
CMP_00174,Customer_00272,2026-08-02,speed,4
CMP_00175,Customer_00273,2026-08-05,speed,88
CMP_00176,Customer_00274,2026-08-05,outage,10
CMP_00177,Customer_00275,2026-08-01,speed,93
CMP_00178,Customer_00277,2026-08-03,speed,52
CMP_00179,Customer_00281,2026-08-03,outage,64
CMP_00180,Customer_00282,2026-08-03,billing,81
CMP_00181,Customer_00283,2026-08-05,other,17
CMP_00182,Customer_00286,2026-08-05,other,79
CMP_00183,Customer_00287,2026-08-03,outage,38
CMP_00184,Customer_00289,2026-08-05,speed,81
CMP_00185,Customer_00291,2026-08-05,billing,80
CMP_00186,Customer_00292,2026-08-01,other,66
CMP_00187,Customer_00295,2026-08-01,speed,55
CMP_00188,Customer_00296,2026-08-02,billing,89
CMP_00189,Customer_00297,2026-08-03,speed,9
CMP_00190,Customer_00301,2026-08-01,other,64
CMP_00191,Customer_00302,2026-08-02,outage,8
CMP_00192,Customer_00303,2026-08-02,other,62
CMP_00193,Customer_00305,2026-08-03,other,80
CMP_00194,Customer_00308,2026-08-05,billing,23
CMP_00195,Customer_00310,2026-08-05,other,52
CMP_00196,Customer_00312,2026-08-03,speed,30
CMP_00197,Customer_00313,2026-08-02,outage,73
CMP_00198,Customer_00314,2026-08-02,billing,54
CMP_00199,Customer_00315,2026-08-05,other,29
CMP_00200,Customer_00319,2026-08-04,speed,29
CMP_00201,Customer_00320,2026-08-02,other,9
CMP_00202,Customer_00321,2026-08-03,speed,46
CMP_00203,Customer_00322,2026-08-01,other,15
CMP_00204,Customer_00323,2026-08-02,speed,18
CMP_00205,Customer_00324,2026-08-02,other,62
CMP_00206,Customer_00325,2026-08-01,speed,40
CMP_00207,Customer_00327,2026-08-02,billing,88
CMP_00208,Customer_00328,2026-08-04,outage,33
CMP_00209,Customer_00329,2026-08-05,speed,70
CMP_00210,Customer_00333,2026-08-04,outage,46
CMP_00211,Customer_00335,2026-08-01,speed,64
CMP_00212,Customer_00336,2026-08-05,outage,59
CMP_00213,Customer_00337,2026-08-04,billing,47
CMP_00214,Customer_00338,2026-08-01,outage,91
CMP_00215,Customer_00340,2026-08-04,outage,35
CMP_00216,Customer_00343,2026-08-03,speed,55
CMP_00217,Customer_00345,2026-08-05,billing,12
CMP_00218,Customer_00347,2026-08-02,outage,94
CMP_00219,Customer_00348,2026-08-01,other,57
CMP_00220,Customer_00349,2026-08-03,billing,94
CMP_00221,Customer_00351,2026-08-05,speed,30
CMP_00222,Customer_00355,2026-08-04,other,72
CMP_00223,Customer_00356,2026-08-03,outage,29
CMP_00224,Customer_00359,2026-08-04,other,45
CMP_00225,Customer_00360,2026-08-04,outage,73
CMP_00226,Customer_00361,2026-08-04,outage,19
CMP_00227,Customer_00362,2026-08-01,speed,37
CMP_00228,Customer_00365,2026-08-01,other,69
CMP_00229,Customer_00366,2026-08-04,speed,71
CMP_00230,Customer_00367,2026-08-01,outage,40
CMP_00231,Customer_00368,2026-08-05,speed,86
CMP_00232,Customer_00370,2026-08-05,outage,17
CMP_00233,Customer_00371,2026-08-05,outage,58
CMP_00234,Customer_00372,2026-08-01,outage,70
CMP_00235,Customer_00373,2026-08-04,other,34
CMP_00236,Customer_00375,2026-08-01,speed,21
CMP_00237,Customer_00376,2026-08-05,outage,41
CMP_00238,Customer_00377,2026-08-03,speed,68
CMP_00239,Customer_00378,2026-08-03,speed,46
CMP_00240,Customer_00379,2026-08-05,speed,27
CMP_00241,Customer_00381,2026-08-01,billing,80
CMP_00242,Customer_00384,2026-08-04,billing,33
CMP_00243,Customer_00385,2026-08-01,outage,16
CMP_00244,Customer_00388,2026-08-02,outage,71
CMP_00245,Customer_00389,2026-08-05,outage,32
CMP_00246,Customer_00391,2026-08-04,billing,85
CMP_00247,Customer_00392,2026-08-03,speed,78
CMP_00248,Customer_00396,2026-08-04,billing,18
CMP_00249,Customer_00397,2026-08-05,other,90
CMP_00250,Customer_00398,2026-08-02,other,73
CMP_00251,Customer_00399,2026-08-01,billing,88
CMP_00252,Customer_00400,2026-08-02,outage,19
CMP_00253,Customer_00402,2026-08-02,billing,84
CMP_00254,Customer_00403,2026-08-02,speed,74
CMP_00255,Customer_00404,2026-08-04,billing,29
CMP_00256,Customer_00405,2026-08-05,speed,29
CMP_00257,Customer_00406,2026-08-01,outage,88
CMP_00258,Customer_00409,2026-08-04,other,72
CMP_00259,Customer_00410,2026-08-04,billing,92
CMP_00260,Customer_00412,2026-08-05,outage,54
CMP_00261,Customer_00413,2026-08-05,outage,74
CMP_00262,Customer_00415,2026-08-01,other,57
CMP_00263,Customer_00416,2026-08-01,outage,72
CMP_00264,Customer_00419,2026-08-04,speed,32
CMP_00265,Customer_00421,2026-08-03,outage,9
CMP_00266,Customer_00422,2026-08-01,speed,70
CMP_00267,Customer_00424,2026-08-02,other,51
CMP_00268,Customer_00425,2026-08-03,speed,44
CMP_00269,Customer_00427,2026-08-04,outage,54
CMP_00270,Customer_00428,2026-08-04,billing,53
CMP_00271,Customer_00430,2026-08-02,speed,40
CMP_00272,Customer_00431,2026-08-02,outage,84
CMP_00273,Customer_00432,2026-08-05,other,60
CMP_00274,Customer_00433,2026-08-03,speed,44
CMP_00275,Customer_00434,2026-08-01,billing,90
CMP_00276,Customer_00435,2026-08-03,other,82
CMP_00277,Customer_00437,2026-08-03,speed,33
CMP_00278,Customer_00439,2026-08-03,other,54
CMP_00279,Customer_00440,2026-08-02,outage,49
CMP_00280,Customer_00442,2026-08-05,speed,62
CMP_00281,Customer_00443,2026-08-05,other,34
CMP_00282,Customer_00444,2026-08-03,other,26
CMP_00283,Customer_00446,2026-08-03,speed,87
CMP_00284,Customer_00447,2026-08-01,speed,91
CMP_00285,Customer_00449,2026-08-01,other,33
CMP_00286,Customer_00450,2026-08-04,other,90
CMP_00287,Customer_00451,2026-08-01,other,5
CMP_00288,Customer_00452,2026-08-05,speed,72
CMP_00289,Customer_00453,2026-08-02,other,74
CMP_00290,Customer_00454,2026-08-05,billing,74
CMP_00291,Customer_00456,2026-08-04,billing,48
CMP_00292,Customer_00457,2026-08-05,speed,61
CMP_00293,Customer_00458,2026-08-04,speed,68
CMP_00294,Customer_00463,2026-08-01,billing,59
CMP_00295,Customer_00464,2026-08-05,outage,62
CMP_00296,Customer_00466,2026-08-03,speed,32
CMP_00297,Customer_00467,2026-08-05,speed,46
CMP_00298,Customer_00468,2026-08-01,outage,37
CMP_00299,Customer_00469,2026-08-05,speed,30
CMP_00300,Customer_00471,2026-08-02,billing,64
CMP_00301,Customer_00472,2026-08-05,other,30
CMP_00302,Customer_00473,2026-08-05,other,56
CMP_00303,Customer_00474,2026-08-02,billing,37
CMP_00304,Customer_00476,2026-08-04,billing,7
CMP_00305,Customer_00479,2026-08-04,speed,45
CMP_00306,Customer_00486,2026-08-05,other,16
CMP_00307,Customer_00489,2026-08-01,other,25
CMP_00308,Customer_00490,2026-08-01,billing,68
CMP_00309,Customer_00492,2026-08-01,other,59
CMP_00310,Customer_00493,2026-08-05,billing,14
CMP_00311,Customer_00494,2026-08-05,speed,45
CMP_00312,Customer_00495,2026-08-04,other,30
CMP_00313,Customer_00498,2026-08-05,billing,91
CMP_00314,Customer_00499,2026-08-02,billing,6
CMP_00315,Customer_00500,2026-08-05,speed,40
CMP_00316,Customer_00501,2026-08-02,outage,84
CMP_00317,Customer_00503,2026-08-01,other,30
CMP_00318,Customer_00504,2026-08-04,other,62
CMP_00319,Customer_00505,2026-08-01,billing,90
CMP_00320,Customer_00506,2026-08-02,billing,58
CMP_00321,Customer_00507,2026-08-03,other,26
CMP_00322,Customer_00509,2026-08-01,speed,47
CMP_00323,Customer_00510,2026-08-03,other,24
CMP_00324,Customer_00511,2026-08-04,outage,45
CMP_00325,Customer_00512,2026-08-03,billing,69
CMP_00326,Customer_00514,2026-08-01,other,56
CMP_00327,Customer_00517,2026-08-01,billing,18
CMP_00328,Customer_00518,2026-08-01,speed,50
CMP_00329,Customer_00519,2026-08-05,outage,26
CMP_00330,Customer_00521,2026-08-01,speed,50
CMP_00331,Customer_00522,2026-08-02,speed,67
CMP_00332,Customer_00525,2026-08-04,other,64
CMP_00333,Customer_00528,2026-08-04,billing,95
CMP_00334,Customer_00530,2026-08-02,billing,95
CMP_00335,Customer_00533,2026-08-03,billing,51
CMP_00336,Customer_00538,2026-08-02,billing,12
CMP_00337,Customer_00540,2026-08-02,outage,70
CMP_00338,Customer_00543,2026-08-05,billing,93
CMP_00339,Customer_00544,2026-08-04,speed,33
CMP_00340,Customer_00546,2026-08-03,speed,46
CMP_00341,Customer_00547,2026-08-02,billing,43
CMP_00342,Customer_00549,2026-08-02,billing,8
CMP_00343,Customer_00550,2026-08-04,speed,65
CMP_00344,Customer_00551,2026-08-05,other,36
CMP_00345,Customer_00557,2026-08-04,speed,76
CMP_00346,Customer_00559,2026-08-05,speed,66
CMP_00347,Customer_00560,2026-08-05,other,87
CMP_00348,Customer_00561,2026-08-03,other,90
CMP_00349,Customer_00564,2026-08-02,speed,40
CMP_00350,Customer_00565,2026-08-02,speed,25
CMP_00351,Customer_00568,2026-08-05,outage,69
CMP_00352,Customer_00570,2026-08-01,other,19
CMP_00353,Customer_00571,2026-08-01,speed,24
CMP_00354,Customer_00573,2026-08-01,other,28
CMP_00355,Customer_00574,2026-08-04,billing,56
CMP_00356,Customer_00575,2026-08-01,other,88
CMP_00357,Customer_00577,2026-08-01,billing,33
CMP_00358,Customer_00579,2026-08-03,billing,32
CMP_00359,Customer_00581,2026-08-04,outage,29
CMP_00360,Customer_00582,2026-08-05,billing,50
CMP_00361,Customer_00584,2026-08-04,billing,24
CMP_00362,Customer_00587,2026-08-03,billing,11
CMP_00363,Customer_00588,2026-08-03,speed,82
CMP_00364,Customer_00590,2026-08-01,other,13
CMP_00365,Customer_00591,2026-08-03,billing,35
CMP_00366,Customer_00592,2026-08-02,outage,72
CMP_00367,Customer_00593,2026-08-04,other,35
CMP_00368,Customer_00594,2026-08-01,billing,6
CMP_00369,Customer_00595,2026-08-02,billing,9
CMP_00370,Customer_00596,2026-08-05,other,28
CMP_00371,Customer_00597,2026-08-05,other,54
CMP_00372,Customer_00599,2026-08-01,outage,45
CMP_00373,Customer_00601,2026-08-02,other,7
CMP_00374,Customer_00602,2026-08-01,billing,42
CMP_00375,Customer_00603,2026-08-04,speed,54
CMP_00376,Customer_00604,2026-08-01,speed,71
CMP_00377,Customer_00605,2026-08-05,outage,27
CMP_00378,Customer_00606,2026-08-02,speed,73
CMP_00379,Customer_00607,2026-08-05,billing,50
CMP_00380,Customer_00608,2026-08-05,outage,73
CMP_00381,Customer_00610,2026-08-04,outage,46
CMP_00382,Customer_00611,2026-08-04,speed,37
CMP_00383,Customer_00613,2026-08-01,speed,24
CMP_00384,Customer_00616,2026-08-02,outage,23
CMP_00385,Customer_00617,2026-08-05,outage,73
CMP_00386,Customer_00620,2026-08-03,other,14
CMP_00387,Customer_00622,2026-08-05,other,11
CMP_00388,Customer_00623,2026-08-02,speed,20
CMP_00389,Customer_00624,2026-08-04,billing,20
CMP_00390,Customer_00627,2026-08-05,billing,79
CMP_00391,Customer_00630,2026-08-02,billing,40
CMP_00392,Customer_00631,2026-08-03,outage,95
CMP_00393,Customer_00632,2026-08-04,other,16
CMP_00394,Customer_00634,2026-08-05,other,64
CMP_00395,Customer_00636,2026-08-04,billing,45
CMP_00396,Customer_00637,2026-08-02,other,40
CMP_00397,Customer_00643,2026-08-03,billing,84
CMP_00398,Customer_00647,2026-08-03,other,93
CMP_00399,Customer_00653,2026-08-04,other,84
CMP_00400,Customer_00654,2026-08-05,speed,21
CMP_00401,Customer_00655,2026-08-04,outage,24
CMP_00402,Customer_00656,2026-08-04,speed,64
CMP_00403,Customer_00658,2026-08-05,other,30
CMP_00404,Customer_00659,2026-08-04,speed,71
CMP_00405,Customer_00660,2026-08-01,billing,56
CMP_00406,Customer_00661,2026-08-04,outage,54
CMP_00407,Customer_00663,2026-08-04,speed,80
CMP_00408,Customer_00664,2026-08-01,speed,69
CMP_00409,Customer_00665,2026-08-01,speed,46
CMP_00410,Customer_00666,2026-08-01,billing,52
CMP_00411,Customer_00667,2026-08-01,billing,89
CMP_00412,Customer_00669,2026-08-05,speed,59
CMP_00413,Customer_00670,2026-08-05,speed,48
CMP_00414,Customer_00671,2026-08-04,outage,27
CMP_00415,Customer_00672,2026-08-04,speed,42
CMP_00416,Customer_00673,2026-08-02,speed,73
CMP_00417,Customer_00675,2026-08-04,billing,80
CMP_00418,Customer_00676,2026-08-03,speed,55
CMP_00419,Customer_00677,2026-08-04,billing,39
CMP_00420,Customer_00678,2026-08-01,other,28
CMP_00421,Customer_00679,2026-08-04,billing,52
CMP_00422,Customer_00681,2026-08-04,billing,32
CMP_00423,Customer_00682,2026-08-03,speed,55
CMP_00424,Customer_00683,2026-08-03,outage,66
CMP_00425,Customer_00685,2026-08-05,other,10
CMP_00426,Customer_00687,2026-08-05,speed,4
CMP_00427,Customer_00688,2026-08-03,billing,23
CMP_00428,Customer_00689,2026-08-01,outage,86
CMP_00429,Customer_00690,2026-08-03,other,63
CMP_00430,Customer_00691,2026-08-03,other,19
CMP_00431,Customer_00692,2026-08-03,other,85
CMP_00432,Customer_00693,2026-08-02,billing,47
CMP_00433,Customer_00696,2026-08-02,other,47
CMP_00434,Customer_00697,2026-08-03,other,90
CMP_00435,Customer_00701,2026-08-04,speed,9
CMP_00436,Customer_00703,2026-08-02,speed,23
CMP_00437,Customer_00705,2026-08-01,speed,57
CMP_00438,Customer_00708,2026-08-04,speed,21
CMP_00439,Customer_00709,2026-08-03,speed,66
CMP_00440,Customer_00710,2026-08-01,billing,23
CMP_00441,Customer_00711,2026-08-04,speed,86
CMP_00442,Customer_00712,2026-08-05,billing,42
CMP_00443,Customer_00716,2026-08-05,billing,13
CMP_00444,Customer_00718,2026-08-02,speed,51
CMP_00445,Customer_00719,2026-08-04,billing,11
CMP_00446,Customer_00720,2026-08-02,billing,63
CMP_00447,Customer_00721,2026-08-03,other,20
CMP_00448,Customer_00722,2026-08-01,speed,35
CMP_00449,Customer_00723,2026-08-02,speed,26
CMP_00450,Customer_00724,2026-08-04,billing,52
CMP_00451,Customer_00725,2026-08-02,speed,35
CMP_00452,Customer_00727,2026-08-01,speed,89
CMP_00453,Customer_00733,2026-08-04,outage,42
CMP_00454,Customer_00734,2026-08-05,billing,77
CMP_00455,Customer_00736,2026-08-01,other,6
CMP_00456,Customer_00737,2026-08-03,other,68
CMP_00457,Customer_00738,2026-08-05,billing,73
CMP_00458,Customer_00740,2026-08-01,billing,8
CMP_00459,Customer_00741,2026-08-03,billing,46
CMP_00460,Customer_00747,2026-08-05,outage,41
CMP_00461,Customer_00749,2026-08-04,billing,22
CMP_00462,Customer_00750,2026-08-02,other,92
CMP_00463,Customer_00751,2026-08-02,other,13
CMP_00464,Customer_00752,2026-08-02,other,67
CMP_00465,Customer_00753,2026-08-04,outage,17
CMP_00466,Customer_00755,2026-08-05,other,44
CMP_00467,Customer_00756,2026-08-03,billing,23
CMP_00468,Customer_00757,2026-08-03,speed,9
CMP_00469,Customer_00758,2026-08-05,speed,47
CMP_00470,Customer_00759,2026-08-04,other,11
CMP_00471,Customer_00760,2026-08-04,outage,88
CMP_00472,Customer_00761,2026-08-04,speed,78
CMP_00473,Customer_00763,2026-08-04,speed,89
CMP_00474,Customer_00765,2026-08-03,billing,77
CMP_00475,Customer_00766,2026-08-03,other,33
CMP_00476,Customer_00768,2026-08-02,speed,52
CMP_00477,Customer_00771,2026-08-03,speed,49
CMP_00478,Customer_00773,2026-08-05,speed,93
CMP_00479,Customer_00775,2026-08-04,other,39
CMP_00480,Customer_00777,2026-08-04,other,40
CMP_00481,Customer_00780,2026-08-01,other,57
CMP_00482,Customer_00783,2026-08-05,speed,15
CMP_00483,Customer_00785,2026-08-01,outage,33
CMP_00484,Customer_00786,2026-08-03,speed,23
CMP_00485,Customer_00787,2026-08-04,billing,94
CMP_00486,Customer_00788,2026-08-05,billing,77
CMP_00487,Customer_00792,2026-08-03,other,6
CMP_00488,Customer_00793,2026-08-05,outage,57
CMP_00489,Customer_00794,2026-08-05,speed,36
CMP_00490,Customer_00796,2026-08-05,outage,41
CMP_00491,Customer_00797,2026-08-01,speed,43
CMP_00492,Customer_00798,2026-08-05,other,62
CMP_00493,Customer_00800,2026-08-02,speed,89
CMP_00494,Customer_00801,2026-08-02,other,89
CMP_00495,Customer_00804,2026-08-05,outage,40
CMP_00496,Customer_00806,2026-08-03,other,34
CMP_00497,Customer_00807,2026-08-01,speed,45
CMP_00498,Customer_00808,2026-08-02,other,56
CMP_00499,Customer_00809,2026-08-03,speed,46
CMP_00500,Customer_00810,2026-08-04,speed,64
CMP_00501,Customer_00813,2026-08-02,speed,36
CMP_00502,Customer_00814,2026-08-04,outage,38
CMP_00503,Customer_00816,2026-08-01,speed,93
CMP_00504,Customer_00819,2026-08-05,speed,10
CMP_00505,Customer_00823,2026-08-04,speed,52
CMP_00506,Customer_00826,2026-08-05,billing,32
CMP_00507,Customer_00827,2026-08-03,billing,50
CMP_00508,Customer_00828,2026-08-03,outage,93
CMP_00509,Customer_00829,2026-08-02,speed,83
CMP_00510,Customer_00830,2026-08-01,billing,75
CMP_00511,Customer_00831,2026-08-02,outage,73
CMP_00512,Customer_00832,2026-08-03,other,52
CMP_00513,Customer_00834,2026-08-03,speed,52
CMP_00514,Customer_00837,2026-08-02,other,93
CMP_00515,Customer_00838,2026-08-03,other,20
CMP_00516,Customer_00839,2026-08-02,outage,13
CMP_00517,Customer_00840,2026-08-02,outage,95
CMP_00518,Customer_00841,2026-08-02,billing,64
CMP_00519,Customer_00843,2026-08-04,other,81
CMP_00520,Customer_00844,2026-08-04,speed,13
CMP_00521,Customer_00845,2026-08-03,other,88
CMP_00522,Customer_00847,2026-08-04,outage,94
CMP_00523,Customer_00848,2026-08-02,billing,60
CMP_00524,Customer_00850,2026-08-03,billing,90
CMP_00525,Customer_00851,2026-08-05,outage,88
CMP_00526,Customer_00852,2026-08-01,outage,11
CMP_00527,Customer_00854,2026-08-03,billing,34
CMP_00528,Customer_00855,2026-08-05,outage,17
CMP_00529,Customer_00856,2026-08-05,other,26
CMP_00530,Customer_00857,2026-08-02,speed,22
CMP_00531,Customer_00858,2026-08-03,speed,45
CMP_00532,Customer_00859,2026-08-04,billing,56
CMP_00533,Customer_00861,2026-08-01,other,90
CMP_00534,Customer_00862,2026-08-01,speed,85
CMP_00535,Customer_00863,2026-08-02,speed,84
CMP_00536,Customer_00866,2026-08-01,other,38
CMP_00537,Customer_00867,2026-08-01,other,55
CMP_00538,Customer_00868,2026-08-01,billing,28
CMP_00539,Customer_00869,2026-08-05,outage,18
CMP_00540,Customer_00871,2026-08-01,speed,75
CMP_00541,Customer_00873,2026-08-05,billing,49
CMP_00542,Customer_00874,2026-08-05,billing,53
CMP_00543,Customer_00875,2026-08-02,billing,92
CMP_00544,Customer_00876,2026-08-01,billing,92
CMP_00545,Customer_00878,2026-08-02,other,82
CMP_00546,Customer_00879,2026-08-02,other,21
CMP_00547,Customer_00880,2026-08-02,other,58
CMP_00548,Customer_00881,2026-08-04,other,84
CMP_00549,Customer_00883,2026-08-02,outage,38
CMP_00550,Customer_00886,2026-08-02,billing,13
CMP_00551,Customer_00887,2026-08-03,speed,78
CMP_00552,Customer_00888,2026-08-03,outage,48
CMP_00553,Customer_00889,2026-08-04,billing,55
CMP_00554,Customer_00891,2026-08-04,outage,94
CMP_00555,Customer_00892,2026-08-02,outage,59
CMP_00556,Customer_00893,2026-08-03,other,43
CMP_00557,Customer_00894,2026-08-02,other,38
CMP_00558,Customer_00895,2026-08-01,billing,42
CMP_00559,Customer_00896,2026-08-05,billing,14
CMP_00560,Customer_00898,2026-08-02,other,77
CMP_00561,Customer_00899,2026-08-03,billing,81
CMP_00562,Customer_00900,2026-08-05,billing,30
CMP_00563,Customer_00901,2026-08-05,speed,68
CMP_00564,Customer_00902,2026-08-04,speed,71
CMP_00565,Customer_00903,2026-08-05,other,10
CMP_00566,Customer_00904,2026-08-05,billing,90
CMP_00567,Customer_00905,2026-08-03,outage,50
CMP_00568,Customer_00906,2026-08-04,speed,43
CMP_00569,Customer_00908,2026-08-01,outage,57
CMP_00570,Customer_00909,2026-08-05,billing,61
CMP_00571,Customer_00910,2026-08-05,outage,14
CMP_00572,Customer_00911,2026-08-04,speed,76
CMP_00573,Customer_00912,2026-08-04,outage,16
CMP_00574,Customer_00913,2026-08-04,billing,57
CMP_00575,Customer_00914,2026-08-01,speed,92
CMP_00576,Customer_00916,2026-08-05,outage,89
CMP_00577,Customer_00918,2026-08-03,billing,45
CMP_00578,Customer_00920,2026-08-03,billing,56
CMP_00579,Customer_00921,2026-08-02,billing,49
CMP_00580,Customer_00922,2026-08-01,speed,21
CMP_00581,Customer_00924,2026-08-01,billing,51
CMP_00582,Customer_00926,2026-08-01,other,22
CMP_00583,Customer_00927,2026-08-05,speed,24
CMP_00584,Customer_00930,2026-08-02,other,42
CMP_00585,Customer_00931,2026-08-05,other,26
CMP_00586,Customer_00932,2026-08-03,billing,57
CMP_00587,Customer_00933,2026-08-04,outage,95
CMP_00588,Customer_00934,2026-08-02,other,85
CMP_00589,Customer_00936,2026-08-04,outage,37
CMP_00590,Customer_00937,2026-08-01,speed,16
CMP_00591,Customer_00938,2026-08-05,speed,37
CMP_00592,Customer_00939,2026-08-01,speed,7
CMP_00593,Customer_00940,2026-08-03,billing,53
CMP_00594,Customer_00945,2026-08-01,speed,95
CMP_00595,Customer_00946,2026-08-05,speed,92
CMP_00596,Customer_00947,2026-08-01,outage,7
CMP_00597,Customer_00949,2026-08-01,billing,68
CMP_00598,Customer_00951,2026-08-02,outage,31
CMP_00599,Customer_00953,2026-08-05,outage,87
CMP_00600,Customer_00954,2026-08-03,speed,8
CMP_00601,Customer_00958,2026-08-04,speed,90
CMP_00602,Customer_00959,2026-08-03,other,81
CMP_00603,Customer_00962,2026-08-04,other,14
CMP_00604,Customer_00964,2026-08-02,speed,9
CMP_00605,Customer_00965,2026-08-03,billing,80
CMP_00606,Customer_00967,2026-08-05,other,18
CMP_00607,Customer_00968,2026-08-04,outage,53
CMP_00608,Customer_00969,2026-08-04,billing,88
CMP_00609,Customer_00970,2026-08-03,other,56
CMP_00610,Customer_00971,2026-08-01,speed,69
CMP_00611,Customer_00972,2026-08-04,speed,76
CMP_00612,Customer_00973,2026-08-02,speed,95
CMP_00613,Customer_00975,2026-08-03,billing,19
CMP_00614,Customer_00976,2026-08-05,other,30
CMP_00615,Customer_00977,2026-08-02,speed,76
CMP_00616,Customer_00979,2026-08-03,billing,51
CMP_00617,Customer_00980,2026-08-05,speed,22
CMP_00618,Customer_00981,2026-08-01,other,22
CMP_00619,Customer_00982,2026-08-03,billing,66
CMP_00620,Customer_00988,2026-08-05,other,15
CMP_00621,Customer_00990,2026-08-04,outage,53
CMP_00622,Customer_00991,2026-08-04,other,15
CMP_00623,Customer_00992,2026-08-01,other,60
CMP_00624,Customer_00993,2026-08-03,other,37
CMP_00625,Customer_00994,2026-08-04,other,61
CMP_00626,Customer_00997,2026-08-04,billing,88
CMP_00627,Customer_01001,2026-08-03,other,31
CMP_00628,Customer_01002,2026-08-02,outage,39
CMP_00629,Customer_01003,2026-08-03,outage,92
CMP_00630,Customer_01005,2026-08-05,other,23
CMP_00631,Customer_01006,2026-08-01,other,44
CMP_00632,Customer_01008,2026-08-01,outage,74
CMP_00633,Customer_01009,2026-08-03,speed,46
CMP_00634,Customer_01011,2026-08-05,speed,83
CMP_00635,Customer_01012,2026-08-04,speed,29
CMP_00636,Customer_01014,2026-08-05,speed,21
CMP_00637,Customer_01016,2026-08-01,speed,14
CMP_00638,Customer_01017,2026-08-03,billing,70
CMP_00639,Customer_01018,2026-08-04,billing,56
CMP_00640,Customer_01019,2026-08-02,other,70
CMP_00641,Customer_01020,2026-08-05,speed,21
CMP_00642,Customer_01023,2026-08-02,other,80
CMP_00643,Customer_01024,2026-08-05,outage,11
CMP_00644,Customer_01026,2026-08-03,billing,33
CMP_00645,Customer_01029,2026-08-04,billing,83
CMP_00646,Customer_01030,2026-08-04,billing,30
CMP_00647,Customer_01031,2026-08-05,other,79
CMP_00648,Customer_01032,2026-08-05,billing,39
CMP_00649,Customer_01035,2026-08-03,outage,65
CMP_00650,Customer_01036,2026-08-04,other,84
CMP_00651,Customer_01037,2026-08-03,other,7
CMP_00652,Customer_01038,2026-08-05,billing,55
CMP_00653,Customer_01039,2026-08-04,billing,36
CMP_00654,Customer_01040,2026-08-05,billing,89
CMP_00655,Customer_01043,2026-08-02,billing,17
CMP_00656,Customer_01044,2026-08-04,billing,17
CMP_00657,Customer_01045,2026-08-01,speed,56
CMP_00658,Customer_01047,2026-08-05,speed,87
CMP_00659,Customer_01049,2026-08-05,speed,53
CMP_00660,Customer_01050,2026-08-01,outage,61
CMP_00661,Customer_01053,2026-08-04,other,22
CMP_00662,Customer_01054,2026-08-01,outage,77
CMP_00663,Customer_01059,2026-08-04,other,60
CMP_00664,Customer_01060,2026-08-01,outage,83
CMP_00665,Customer_01061,2026-08-02,outage,91
CMP_00666,Customer_01064,2026-08-01,billing,36
CMP_00667,Customer_01065,2026-08-02,billing,12
CMP_00668,Customer_01069,2026-08-05,speed,24
CMP_00669,Customer_01070,2026-08-01,speed,44
CMP_00670,Customer_01071,2026-08-04,outage,91
CMP_00671,Customer_01072,2026-08-05,other,38
CMP_00672,Customer_01074,2026-08-04,speed,74
CMP_00673,Customer_01077,2026-08-02,billing,53
CMP_00674,Customer_01079,2026-08-04,speed,20
CMP_00675,Customer_01080,2026-08-03,outage,33
CMP_00676,Customer_01081,2026-08-03,billing,64
CMP_00677,Customer_01082,2026-08-05,billing,65
CMP_00678,Customer_01084,2026-08-01,billing,43
CMP_00679,Customer_01085,2026-08-02,other,25
CMP_00680,Customer_01086,2026-08-05,other,70
CMP_00681,Customer_01088,2026-08-05,other,19
CMP_00682,Customer_01089,2026-08-04,outage,90
CMP_00683,Customer_01090,2026-08-04,other,21
CMP_00684,Customer_01092,2026-08-02,other,13
CMP_00685,Customer_01094,2026-08-01,outage,49
CMP_00686,Customer_01095,2026-08-03,outage,51
CMP_00687,Customer_01096,2026-08-02,billing,50
CMP_00688,Customer_01098,2026-08-04,other,44
CMP_00689,Customer_01099,2026-08-02,speed,95
CMP_00690,Customer_01100,2026-08-03,billing,48
CMP_00691,Customer_01102,2026-08-03,outage,47
CMP_00692,Customer_01103,2026-08-02,other,42
CMP_00693,Customer_01104,2026-08-01,other,10
CMP_00694,Customer_01105,2026-08-05,outage,58
CMP_00695,Customer_01106,2026-08-01,billing,24
CMP_00696,Customer_01108,2026-08-03,outage,62
CMP_00697,Customer_01109,2026-08-03,outage,8
CMP_00698,Customer_01110,2026-08-02,outage,94
CMP_00699,Customer_01113,2026-08-05,billing,47
CMP_00700,Customer_01114,2026-08-04,speed,86
CMP_00701,Customer_01115,2026-08-04,speed,47
CMP_00702,Customer_01116,2026-08-02,outage,9
CMP_00703,Customer_01117,2026-08-05,other,79
CMP_00704,Customer_01118,2026-08-03,outage,63
CMP_00705,Customer_01122,2026-08-01,outage,75
CMP_00706,Customer_01123,2026-08-02,other,43
CMP_00707,Customer_01124,2026-08-02,speed,62
CMP_00708,Customer_01126,2026-08-01,billing,82
CMP_00709,Customer_01127,2026-08-01,other,62
CMP_00710,Customer_01129,2026-08-03,speed,35
CMP_00711,Customer_01131,2026-08-05,speed,64
CMP_00712,Customer_01132,2026-08-02,other,65
CMP_00713,Customer_01137,2026-08-05,other,92
CMP_00714,Customer_01138,2026-08-01,outage,38
CMP_00715,Customer_01139,2026-08-02,outage,43
CMP_00716,Customer_01141,2026-08-02,outage,78
CMP_00717,Customer_01142,2026-08-03,speed,50
CMP_00718,Customer_01143,2026-08-04,billing,71
CMP_00719,Customer_01144,2026-08-01,speed,46
CMP_00720,Customer_01145,2026-08-01,speed,52
CMP_00721,Customer_01146,2026-08-02,speed,23
CMP_00722,Customer_01147,2026-08-01,outage,72
CMP_00723,Customer_01151,2026-08-05,speed,16
CMP_00724,Customer_01152,2026-08-04,speed,22
CMP_00725,Customer_01153,2026-08-03,speed,61
CMP_00726,Customer_01154,2026-08-02,billing,72
CMP_00727,Customer_01155,2026-08-04,billing,86
CMP_00728,Customer_01156,2026-08-04,outage,29
CMP_00729,Customer_01158,2026-08-05,outage,14
CMP_00730,Customer_01159,2026-08-04,billing,91
CMP_00731,Customer_01160,2026-08-02,other,18
CMP_00732,Customer_01162,2026-08-04,speed,22
CMP_00733,Customer_01164,2026-08-01,speed,30
CMP_00734,Customer_01165,2026-08-05,speed,52
CMP_00735,Customer_01167,2026-08-04,billing,85
CMP_00736,Customer_01169,2026-08-02,outage,73
CMP_00737,Customer_01170,2026-08-02,billing,69
CMP_00738,Customer_01171,2026-08-02,other,20
CMP_00739,Customer_01172,2026-08-04,speed,73
CMP_00740,Customer_01173,2026-08-05,speed,76
CMP_00741,Customer_01175,2026-08-05,speed,77
CMP_00742,Customer_01177,2026-08-03,speed,17
CMP_00743,Customer_01182,2026-08-03,speed,29
CMP_00744,Customer_01183,2026-08-05,billing,32
CMP_00745,Customer_01185,2026-08-04,speed,15
CMP_00746,Customer_01186,2026-08-05,outage,54
CMP_00747,Customer_01187,2026-08-03,other,68
CMP_00748,Customer_01191,2026-08-02,billing,10
CMP_00749,Customer_01194,2026-08-01,speed,48
CMP_00750,Customer_01195,2026-08-05,billing,75
CMP_00751,Customer_01196,2026-08-03,outage,72
CMP_00752,Customer_01198,2026-08-01,billing,78
CMP_00753,Customer_01200,2026-08-01,billing,45
CMP_00754,Customer_01201,2026-08-01,speed,79
CMP_00755,Customer_01202,2026-08-01,speed,26
CMP_00756,Customer_01203,2026-08-05,speed,37
CMP_00757,Customer_01204,2026-08-05,billing,20
CMP_00758,Customer_01205,2026-08-05,billing,47
CMP_00759,Customer_01206,2026-08-04,speed,40
CMP_00760,Customer_01207,2026-08-01,outage,26
CMP_00761,Customer_01210,2026-08-04,other,73
CMP_00762,Customer_01213,2026-08-02,billing,32
CMP_00763,Customer_01215,2026-08-03,billing,29
CMP_00764,Customer_01216,2026-08-03,speed,16
CMP_00765,Customer_01218,2026-08-02,billing,44
CMP_00766,Customer_01223,2026-08-01,outage,31
CMP_00767,Customer_01225,2026-08-05,other,37
CMP_00768,Customer_01229,2026-08-03,other,25
CMP_00769,Customer_01232,2026-08-02,outage,74
CMP_00770,Customer_01233,2026-08-01,billing,89
CMP_00771,Customer_01234,2026-08-03,speed,49
CMP_00772,Customer_01235,2026-08-04,outage,63
CMP_00773,Customer_01236,2026-08-04,billing,83
CMP_00774,Customer_01237,2026-08-04,outage,95
CMP_00775,Customer_01239,2026-08-01,speed,60
CMP_00776,Customer_01241,2026-08-01,speed,85
CMP_00777,Customer_01242,2026-08-01,other,87
CMP_00778,Customer_01243,2026-08-02,outage,76
CMP_00779,Customer_01244,2026-08-03,speed,46
CMP_00780,Customer_01245,2026-08-02,other,11
CMP_00781,Customer_01246,2026-08-04,outage,5
CMP_00782,Customer_01248,2026-08-04,outage,47
CMP_00783,Customer_01249,2026-08-04,speed,49
CMP_00784,Customer_01253,2026-08-04,speed,41
CMP_00785,Customer_01254,2026-08-03,speed,56
CMP_00786,Customer_01255,2026-08-04,other,54
CMP_00787,Customer_01256,2026-08-02,outage,80
CMP_00788,Customer_01257,2026-08-04,other,13
CMP_00789,Customer_01258,2026-08-02,outage,24
CMP_00790,Customer_01259,2026-08-03,billing,76
CMP_00791,Customer_01262,2026-08-02,billing,82
CMP_00792,Customer_01263,2026-08-02,other,95
CMP_00793,Customer_01264,2026-08-02,outage,84
CMP_00794,Customer_01265,2026-08-05,billing,85
CMP_00795,Customer_01267,2026-08-01,billing,32
CMP_00796,Customer_01268,2026-08-02,billing,40
CMP_00797,Customer_01269,2026-08-01,outage,28
CMP_00798,Customer_01270,2026-08-01,other,59
CMP_00799,Customer_01271,2026-08-03,outage,90
CMP_00800,Customer_01272,2026-08-04,speed,35
CMP_00801,Customer_01273,2026-08-01,other,55
CMP_00802,Customer_01275,2026-08-02,outage,31
CMP_00803,Customer_01278,2026-08-01,billing,19
CMP_00804,Customer_01279,2026-08-02,billing,21
CMP_00805,Customer_01280,2026-08-02,outage,9
