customer_id,plan_id,olt_id,activation_date,status,customer_type,connection_count_per_customer,plan_tier,value_segment,area,legacy_prepared_future_activation_flag,activation_date_withheld_flag
Customer_00001,3,1,,active,business,1,Standard,mid_value,Coimbatore,0,1
Customer_00002,2,1,,active,individual,1,Basic,low_value,Coimbatore,0,1
Customer_00003,1,1,,active,individual,1,Free,free_plan,Coimbatore,0,1
Customer_00004,3,1,,active,individual,1,Standard,mid_value,Mettupalayam,0,1
Customer_00005,3,1,,active,individual,1,Standard,mid_value,Coimbatore,0,1
Customer_00006,3,1,,partial_active,business,2,Standard,mid_value,Coimbatore,0,1
Customer_00007,3,2,,active,individual,1,Standard,mid_value,Mettupalayam,0,1
Customer_00008,3,2,,active,individual,1,Standard,mid_value,Coimbatore,0,1
Customer_00009,3,2,,active,individual,1,Standard,mid_value,Mettupalayam,0,1
Customer_00010,3,3,,partial_active,individual,1,Standard,mid_value,Mettupalayam,0,1
Customer_00011,3,4,,active,individual,1,Standard,mid_value,Mettupalayam,0,1
Customer_00012,3,1,,active,individual,1,Standard,mid_value,Mettupalayam,0,1
Customer_00013,3,2,,active,individual,1,Standard,mid_value,Coimbatore,0,1
Customer_00014,4,5,,active,individual,1,Premium,high_value,Mettupalayam,0,1
Customer_00015,3,1,,active,individual,1,Standard,mid_value,Mettupalayam,0,1
Customer_00016,2,1,,active,individual,1,Basic,low_value,Mettupalayam,0,1
Customer_00017,3,3,,active,individual,1,Standard,mid_value,Mettupalayam,0,1
Customer_00018,3,1,,active,individual,1,Standard,mid_value,Mettupalayam,0,1
Customer_00019,3,2,,active,individual,1,Standard,mid_value,Mettupalayam,0,1
Customer_00020,3,6,,active,individual,1,Standard,mid_value,Mettupalayam,0,1
Customer_00021,3,2,,active,individual,1,Standard,mid_value,Coimbatore,0,1
Customer_00022,3,1,,active,individual,1,Standard,mid_value,Mettupalayam,0,1
Customer_00023,3,2,,active,individual,1,Standard,mid_value,Mettupalayam,0,1
Customer_00024,2,1,,active,business,1,Basic,low_value,Mettupalayam,0,1
Customer_00025,1,1,,active,individual,1,Free,free_plan,Coimbatore,0,1
Customer_00026,3,5,,active,individual,1,Standard,mid_value,Mettupalayam,0,1
Customer_00027,3,7,,active,individual,1,Standard,mid_value,Coimbatore,0,1
Customer_00028,4,7,,active,individual,1,Premium,high_value,Coimbatore,0,1
Customer_00029,4,7,,active,institutional,1,Premium,high_value,Coimbatore,0,1
Customer_00030,3,6,,active,individual,1,Standard,mid_value,Coimbatore,0,1
Customer_00031,3,6,,active,individual,1,Standard,mid_value,Coimbatore,0,1
Customer_00032,3,7,,active,individual,1,Standard,mid_value,Coimbatore,0,1
Customer_00033,2,8,,active,individual,2,Basic,low_value,Coimbatore,0,1
Customer_00034,2,3,,active,individual,2,Basic,low_value,Coimbatore,0,1
Customer_00035,4,1,,inactive,individual,6,Premium,high_value,Mettupalayam,0,1
Customer_00036,3,1,,active,individual,1,Standard,mid_value,Mettupalayam,0,1
Customer_00037,3,4,,partial_active,individual,1,Standard,mid_value,Mettupalayam,0,1
Customer_00038,3,5,,inactive,individual,1,Standard,mid_value,Coimbatore,0,1
Customer_00039,3,4,,active,individual,6,Standard,mid_value,Mettupalayam,0,1
Customer_00040,3,5,,active,individual,1,Standard,mid_value,Mettupalayam,0,1
Customer_00041,3,1,,active,individual,1,Standard,mid_value,Mettupalayam,0,1
Customer_00042,4,2,,active,individual,1,Premium,high_value,Coimbatore,0,1
Customer_00043,3,2,,active,individual,1,Standard,mid_value,Mettupalayam,0,1
Customer_00044,4,9,,active,individual,1,Premium,high_value,Mettupalayam,0,1
Customer_00045,3,2,,active,individual,1,Standard,mid_value,Mettupalayam,0,1
Customer_00046,4,2,,active,individual,1,Premium,high_value,Mettupalayam,0,1
Customer_00047,3,1,,active,individual,1,Standard,mid_value,Mettupalayam,0,1
Customer_00048,2,1,,active,individual,1,Basic,low_value,Mettupalayam,0,1
Customer_00049,4,1,,active,individual,1,Premium,high_value,Mettupalayam,0,1
Customer_00050,4,5,,active,individual,1,Premium,high_value,Mettupalayam,0,1
Customer_00051,3,7,,active,individual,1,Standard,mid_value,Coimbatore,0,1
Customer_00052,3,7,,active,individual,1,Standard,mid_value,Coimbatore,0,1
Customer_00053,4,6,,active,individual,1,Premium,high_value,Coimbatore,0,1
Customer_00054,2,8,,active,individual,1,Basic,low_value,Coimbatore,0,1
Customer_00055,2,7,,active,individual,1,Basic,low_value,Coimbatore,0,1
Customer_00056,3,5,,active,individual,1,Standard,mid_value,Mettupalayam,0,1
Customer_00057,4,1,,partial_active,individual,1,Premium,high_value,Mettupalayam,0,1
Customer_00058,3,6,,active,individual,1,Standard,mid_value,Mettupalayam,0,1
Customer_00059,3,5,,active,individual,4,Standard,mid_value,Mettupalayam,0,1
Customer_00060,3,6,,active,individual,1,Standard,mid_value,Coimbatore,0,1
Customer_00061,3,3,,active,individual,1,Standard,mid_value,Mettupalayam,0,1
Customer_00062,3,1,,active,individual,1,Standard,mid_value,Mettupalayam,0,1
Customer_00063,3,1,,active,individual,1,Standard,mid_value,Coimbatore,0,1
Customer_00064,2,1,,active,individual,1,Basic,low_value,Coimbatore,0,1
Customer_00065,3,2,,active,individual,1,Standard,mid_value,Mettupalayam,0,1
Customer_00066,3,2,,active,individual,1,Standard,mid_value,Mettupalayam,0,1
Customer_00067,2,9,,active,individual,2,Basic,low_value,Mettupalayam,0,1
Customer_00068,3,6,,active,individual,1,Standard,mid_value,Coimbatore,0,1
Customer_00069,3,2,,active,individual,1,Standard,mid_value,Mettupalayam,0,1
Customer_00070,3,2,,active,individual,1,Standard,mid_value,Mettupalayam,0,1
Customer_00071,2,4,,active,individual,1,Basic,low_value,Mettupalayam,0,1
Customer_00072,4,2,,active,individual,1,Premium,high_value,Mettupalayam,0,1
Customer_00073,3,1,,active,individual,1,Standard,mid_value,Mettupalayam,0,1
Customer_00074,4,9,,active,individual,1,Premium,high_value,Mettupalayam,0,1
Customer_00075,3,1,,active,individual,1,Standard,mid_value,Mettupalayam,0,1
Customer_00076,3,9,,active,individual,2,Standard,mid_value,Mettupalayam,0,1
Customer_00077,3,6,,partial_active,individual,1,Standard,mid_value,Mettupalayam,0,1
Customer_00078,4,6,,active,individual,1,Premium,high_value,Mettupalayam,0,1
Customer_00079,3,6,,active,individual,1,Standard,mid_value,Mettupalayam,0,1
Customer_00080,3,2,,inactive,individual,1,Standard,mid_value,Mettupalayam,0,1
Customer_00081,3,7,,active,individual,1,Standard,mid_value,Coimbatore,0,1
Customer_00082,4,2,,active,individual,1,Premium,high_value,Mettupalayam,0,1
Customer_00083,3,1,,active,individual,1,Standard,mid_value,Mettupalayam,0,1
Customer_00084,3,2,,active,individual,1,Standard,mid_value,Coimbatore,0,1
Customer_00085,4,2,,active,individual,1,Premium,high_value,Mettupalayam,0,1
Customer_00086,4,2,,active,individual,1,Premium,high_value,Mettupalayam,0,1
Customer_00087,2,2,,active,individual,1,Basic,low_value,Coimbatore,0,1
Customer_00088,3,1,,active,individual,1,Standard,mid_value,Mettupalayam,0,1
Customer_00089,3,7,,partial_active,individual,1,Standard,mid_value,Mettupalayam,0,1
Customer_00090,4,7,,active,individual,1,Premium,high_value,Coimbatore,0,1
Customer_00091,2,7,,active,individual,1,Basic,low_value,Coimbatore,0,1
Customer_00092,3,1,,active,individual,1,Standard,mid_value,Mettupalayam,0,1
Customer_00093,3,2,,active,individual,1,Standard,mid_value,Mettupalayam,0,1
Customer_00094,3,7,,active,individual,3,Standard,mid_value,Coimbatore,0,1
Customer_00095,3,1,,active,individual,4,Standard,mid_value,Mettupalayam,0,1
Customer_00096,3,2,,active,individual,1,Standard,mid_value,Mettupalayam,0,1
Customer_00097,3,5,,active,individual,1,Standard,mid_value,Mettupalayam,0,1
Customer_00098,3,5,,active,individual,1,Standard,mid_value,Mettupalayam,0,1
Customer_00099,4,9,,active,individual,1,Premium,high_value,Mettupalayam,0,1
Customer_00100,3,3,,partial_active,individual,1,Standard,mid_value,Mettupalayam,0,1
Customer_00101,3,2,,active,individual,1,Standard,mid_value,Mettupalayam,0,1
Customer_00102,3,4,,inactive,individual,1,Standard,mid_value,Mettupalayam,0,1
Customer_00103,3,2,,active,individual,1,Standard,mid_value,Mettupalayam,0,1
Customer_00104,3,6,,active,individual,1,Standard,mid_value,Mettupalayam,0,1
Customer_00105,3,1,,active,individual,1,Standard,mid_value,Mettupalayam,0,1
Customer_00106,3,9,,active,individual,1,Standard,mid_value,Mettupalayam,0,1
Customer_00107,4,4,,active,individual,1,Premium,high_value,Mettupalayam,0,1
Customer_00108,2,9,,active,individual,1,Basic,low_value,Mettupalayam,0,1
Customer_00109,3,1,,active,individual,2,Standard,mid_value,Mettupalayam,0,1
Customer_00110,3,8,,active,individual,2,Standard,mid_value,Coimbatore,0,1
Customer_00111,3,6,,active,individual,1,Standard,mid_value,Mettupalayam,0,1
Customer_00112,3,7,,inactive,individual,1,Standard,mid_value,Coimbatore,0,1
Customer_00113,3,6,,active,individual,1,Standard,mid_value,Mettupalayam,0,1
Customer_00114,3,7,,active,individual,1,Standard,mid_value,Coimbatore,0,1
Customer_00115,3,1,,active,individual,1,Standard,mid_value,Mettupalayam,0,1
Customer_00116,3,1,,active,individual,1,Standard,mid_value,Mettupalayam,0,1
Customer_00117,3,3,,active,individual,1,Standard,mid_value,Mettupalayam,0,1
Customer_00118,3,1,,active,individual,1,Standard,mid_value,Mettupalayam,0,1
Customer_00119,3,2,,active,individual,1,Standard,mid_value,Mettupalayam,0,1
Customer_00120,2,1,,active,individual,1,Basic,low_value,Mettupalayam,0,1
Customer_00121,4,6,,active,individual,1,Premium,high_value,Coimbatore,0,1
Customer_00122,3,3,,active,individual,1,Standard,mid_value,Mettupalayam,0,1
Customer_00123,3,9,,active,individual,1,Standard,mid_value,Mettupalayam,0,1
Customer_00124,3,6,,active,individual,1,Standard,mid_value,Mettupalayam,0,1
Customer_00125,3,1,,active,individual,1,Standard,mid_value,Coimbatore,0,1
Customer_00126,3,5,,active,individual,1,Standard,mid_value,Mettupalayam,0,1
Customer_00127,3,2,,active,individual,1,Standard,mid_value,Mettupalayam,0,1
Customer_00128,1,1,,active,individual,1,Free,free_plan,Coimbatore,0,1
Customer_00129,3,5,,active,individual,1,Standard,mid_value,Coimbatore,0,1
Customer_00130,2,1,,active,individual,1,Basic,low_value,Mettupalayam,0,1
Customer_00131,3,5,,active,individual,1,Standard,mid_value,Mettupalayam,0,1
Customer_00132,4,5,,inactive,individual,6,Premium,high_value,Mettupalayam,0,1
Customer_00133,3,5,,active,individual,2,Standard,mid_value,Mettupalayam,0,1
Customer_00134,3,5,,active,individual,1,Standard,mid_value,Mettupalayam,0,1
Customer_00135,3,10,,active,individual,2,Standard,mid_value,Coimbatore,0,1
Customer_00136,3,10,,active,individual,1,Standard,mid_value,Coimbatore,0,1
Customer_00137,3,2,,partial_active,individual,1,Standard,mid_value,Mettupalayam,0,1
Customer_00138,3,9,,active,individual,1,Standard,mid_value,Mettupalayam,0,1
Customer_00139,3,2,,partial_active,individual,1,Standard,mid_value,Mettupalayam,0,1
Customer_00140,3,5,,active,individual,1,Standard,mid_value,Mettupalayam,0,1
Customer_00141,3,1,,active,individual,1,Standard,mid_value,Mettupalayam,0,1
Customer_00142,4,1,,active,individual,1,Premium,high_value,Mettupalayam,0,1
Customer_00143,3,5,,active,individual,1,Standard,mid_value,Coimbatore,0,1
Customer_00144,4,8,,active,individual,1,Premium,high_value,Coimbatore,0,1
Customer_00145,2,6,,active,business,1,Basic,low_value,Coimbatore,0,1
Customer_00146,2,1,,active,individual,2,Basic,low_value,Mettupalayam,0,1
Customer_00147,3,1,,active,individual,2,Standard,mid_value,Mettupalayam,0,1
Customer_00148,3,6,,active,individual,1,Standard,mid_value,Coimbatore,0,1
Customer_00149,3,6,,active,individual,1,Standard,mid_value,Mettupalayam,0,1
Customer_00150,3,2,,active,individual,1,Standard,mid_value,Mettupalayam,0,1
Customer_00151,3,1,,active,individual,1,Standard,mid_value,Mettupalayam,0,1
Customer_00152,2,1,,active,individual,1,Basic,low_value,Mettupalayam,0,1
Customer_00153,3,5,,partial_active,individual,1,Standard,mid_value,Coimbatore,0,1
Customer_00154,3,1,,active,individual,1,Standard,mid_value,Mettupalayam,0,1
Customer_00155,3,6,,active,individual,1,Standard,mid_value,Mettupalayam,0,1
Customer_00156,3,6,,active,individual,2,Standard,mid_value,Mettupalayam,0,1
Customer_00157,3,2,,active,individual,1,Standard,mid_value,Mettupalayam,0,1
Customer_00158,3,7,,active,individual,1,Standard,mid_value,Coimbatore,0,1
Customer_00159,3,1,,active,individual,1,Standard,mid_value,Mettupalayam,0,1
Customer_00160,3,2,,active,individual,1,Standard,mid_value,Mettupalayam,0,1
Customer_00161,3,2,,partial_active,individual,1,Standard,mid_value,Mettupalayam,0,1
Customer_00162,3,8,,active,individual,1,Standard,mid_value,Mettupalayam,0,1
Customer_00163,3,6,,active,individual,1,Standard,mid_value,Mettupalayam,0,1
Customer_00164,3,6,,active,individual,1,Standard,mid_value,Coimbatore,0,1
Customer_00165,2,7,,active,individual,1,Basic,low_value,Coimbatore,0,1
Customer_00166,3,7,,active,individual,1,Standard,mid_value,Coimbatore,0,1
Customer_00167,3,8,,active,individual,1,Standard,mid_value,Coimbatore,0,1
Customer_00168,3,1,,active,individual,4,Standard,mid_value,Mettupalayam,0,1
Customer_00169,4,6,,active,individual,1,Premium,high_value,Coimbatore,0,1
Customer_00170,4,1,,active,individual,1,Premium,high_value,Mettupalayam,0,1
Customer_00171,3,1,,active,individual,1,Standard,mid_value,Coimbatore,0,1
Customer_00172,3,2,,active,individual,1,Standard,mid_value,Mettupalayam,0,1
Customer_00173,3,2,,active,individual,1,Standard,mid_value,Mettupalayam,0,1
Customer_00174,3,1,,active,individual,1,Standard,mid_value,Mettupalayam,0,1
Customer_00175,3,1,,active,individual,1,Standard,mid_value,Mettupalayam,0,1
Customer_00176,3,8,,active,individual,2,Standard,mid_value,Coimbatore,0,1
Customer_00177,3,2,,active,individual,1,Standard,mid_value,Mettupalayam,0,1
Customer_00178,3,2,,active,individual,1,Standard,mid_value,Mettupalayam,0,1
Customer_00179,3,1,,active,individual,1,Standard,mid_value,Mettupalayam,0,1
Customer_00180,3,9,,active,individual,2,Standard,mid_value,Mettupalayam,0,1
Customer_00181,3,2,,active,individual,2,Standard,mid_value,Mettupalayam,0,1
Customer_00182,3,1,,active,individual,1,Standard,mid_value,Mettupalayam,0,1
Customer_00183,3,1,,active,individual,3,Standard,mid_value,Mettupalayam,0,1
Customer_00184,3,2,,active,individual,1,Standard,mid_value,Coimbatore,0,1
Customer_00185,3,2,,active,individual,1,Standard,mid_value,Coimbatore,0,1
Customer_00186,3,1,,active,individual,1,Standard,mid_value,Mettupalayam,0,1
Customer_00187,3,1,,active,individual,1,Standard,mid_value,Mettupalayam,0,1
Customer_00188,2,5,,active,individual,1,Basic,low_value,Coimbatore,0,1
Customer_00189,3,6,,active,individual,1,Standard,mid_value,Coimbatore,0,1
Customer_00190,3,6,,active,individual,1,Standard,mid_value,Coimbatore,0,1
Customer_00191,3,9,,active,individual,1,Standard,mid_value,Mettupalayam,0,1
Customer_00192,4,5,,active,individual,1,Premium,high_value,Mettupalayam,0,1
Customer_00193,3,5,,active,individual,1,Standard,mid_value,Mettupalayam,0,1
Customer_00194,3,7,,active,individual,1,Standard,mid_value,Coimbatore,0,1
Customer_00195,4,5,,active,individual,1,Premium,high_value,Mettupalayam,0,1
Customer_00196,3,5,,active,individual,1,Standard,mid_value,Mettupalayam,0,1
Customer_00197,2,1,,active,individual,1,Basic,low_value,Mettupalayam,0,1
Customer_00198,3,9,,active,individual,1,Standard,mid_value,Mettupalayam,0,1
Customer_00199,2,1,,active,individual,1,Basic,low_value,Coimbatore,0,1
Customer_00200,3,9,,partial_active,individual,1,Standard,mid_value,Mettupalayam,0,1
Customer_00201,3,6,,active,individual,1,Standard,mid_value,Coimbatore,0,1
Customer_00202,3,7,,active,individual,1,Standard,mid_value,Coimbatore,0,1
Customer_00203,3,7,,active,individual,1,Standard,mid_value,Coimbatore,0,1
Customer_00204,3,5,,active,individual,1,Standard,mid_value,Mettupalayam,0,1
Customer_00205,3,1,,active,individual,2,Standard,mid_value,Mettupalayam,0,1
Customer_00206,3,4,,active,individual,1,Standard,mid_value,Mettupalayam,0,1
Customer_00207,4,2,,active,individual,1,Premium,high_value,Mettupalayam,0,1
Customer_00208,3,1,,active,individual,1,Standard,mid_value,Mettupalayam,0,1
Customer_00209,4,1,,active,individual,1,Premium,high_value,Mettupalayam,0,1
Customer_00210,3,4,,active,individual,1,Standard,mid_value,Coimbatore,0,1
Customer_00211,2,1,,active,individual,1,Basic,low_value,Coimbatore,0,1
Customer_00212,3,5,,active,individual,1,Standard,mid_value,Coimbatore,0,1
Customer_00213,2,1,,active,individual,1,Basic,low_value,Coimbatore,0,1
Customer_00214,3,9,,active,individual,1,Standard,mid_value,Mettupalayam,0,1
Customer_00215,3,2,,active,individual,1,Standard,mid_value,Mettupalayam,0,1
Customer_00216,3,5,,active,individual,1,Standard,mid_value,Mettupalayam,0,1
Customer_00217,3,2,,active,individual,1,Standard,mid_value,Mettupalayam,0,1
Customer_00218,3,1,,active,individual,1,Standard,mid_value,Mettupalayam,0,1
Customer_00219,3,9,,partial_active,individual,2,Standard,mid_value,Mettupalayam,0,1
Customer_00220,4,1,,inactive,individual,6,Premium,high_value,Mettupalayam,0,1
Customer_00221,3,9,,active,individual,1,Standard,mid_value,Mettupalayam,0,1
Customer_00222,3,3,,active,individual,1,Standard,mid_value,Mettupalayam,0,1
Customer_00223,3,1,,active,individual,1,Standard,mid_value,Mettupalayam,0,1
Customer_00224,3,2,,active,individual,1,Standard,mid_value,Mettupalayam,0,1
Customer_00225,3,6,,active,individual,1,Standard,mid_value,Mettupalayam,0,1
Customer_00226,3,1,,active,individual,4,Standard,mid_value,Mettupalayam,0,1
Customer_00227,2,1,,active,individual,1,Basic,low_value,Coimbatore,0,1
Customer_00228,3,10,,active,individual,1,Standard,mid_value,Coimbatore,0,1
Customer_00229,3,6,,active,individual,1,Standard,mid_value,Mettupalayam,0,1
Customer_00230,3,1,,active,individual,1,Standard,mid_value,Mettupalayam,0,1
Customer_00231,4,1,,active,individual,1,Premium,high_value,Mettupalayam,0,1
Customer_00232,3,2,,active,individual,1,Standard,mid_value,Mettupalayam,0,1
Customer_00233,3,1,,active,individual,1,Standard,mid_value,Mettupalayam,0,1
Customer_00234,3,2,,active,individual,1,Standard,mid_value,Mettupalayam,0,1
Customer_00235,3,9,,active,individual,2,Standard,mid_value,Mettupalayam,0,1
Customer_00236,4,5,,active,individual,1,Premium,high_value,Mettupalayam,0,1
Customer_00237,3,2,,active,individual,1,Standard,mid_value,Mettupalayam,0,1
Customer_00238,3,9,,active,individual,1,Standard,mid_value,Mettupalayam,0,1
Customer_00239,4,1,,inactive,individual,6,Premium,high_value,Mettupalayam,0,1
Customer_00240,3,2,,active,individual,1,Standard,mid_value,Mettupalayam,0,1
Customer_00241,3,6,,active,individual,1,Standard,mid_value,Coimbatore,0,1
Customer_00242,2,7,,active,individual,1,Basic,low_value,Coimbatore,0,1
Customer_00243,3,6,,active,individual,1,Standard,mid_value,Coimbatore,0,1
Customer_00244,3,2,,active,individual,1,Standard,mid_value,Mettupalayam,0,1
Customer_00245,3,4,,active,individual,1,Standard,mid_value,Mettupalayam,0,1
Customer_00246,4,6,,inactive,individual,1,Premium,high_value,Mettupalayam,0,1
Customer_00247,3,1,,active,individual,1,Standard,mid_value,Mettupalayam,0,1
Customer_00248,4,1,,active,individual,1,Premium,high_value,Mettupalayam,0,1
Customer_00249,2,1,,active,individual,1,Basic,low_value,Mettupalayam,0,1
Customer_00250,4,2,,active,individual,1,Premium,high_value,Mettupalayam,0,1
Customer_00251,4,1,,active,individual,1,Premium,high_value,Mettupalayam,0,1
Customer_00252,2,1,,active,individual,1,Basic,low_value,Mettupalayam,0,1
Customer_00253,3,5,,active,individual,1,Standard,mid_value,Mettupalayam,0,1
Customer_00254,3,7,,active,individual,2,Standard,mid_value,Coimbatore,0,1
Customer_00255,3,7,,active,individual,1,Standard,mid_value,Coimbatore,0,1
Customer_00256,3,6,,active,individual,1,Standard,mid_value,Mettupalayam,0,1
Customer_00257,3,6,,active,individual,1,Standard,mid_value,Mettupalayam,0,1
Customer_00258,3,1,,active,individual,3,Standard,mid_value,Coimbatore,0,1
Customer_00259,3,1,,active,individual,1,Standard,mid_value,Mettupalayam,0,1
Customer_00260,3,2,,active,individual,1,Standard,mid_value,Mettupalayam,0,1
Customer_00261,3,2,,active,individual,3,Standard,mid_value,Mettupalayam,0,1
Customer_00262,3,2,,active,individual,1,Standard,mid_value,Mettupalayam,0,1
Customer_00263,4,9,,active,individual,1,Premium,high_value,Mettupalayam,0,1
Customer_00264,3,1,,active,individual,1,Standard,mid_value,Mettupalayam,0,1
Customer_00265,4,9,,active,individual,1,Premium,high_value,Mettupalayam,0,1
Customer_00266,3,4,,active,individual,1,Standard,mid_value,Mettupalayam,0,1
Customer_00267,3,1,,active,individual,2,Standard,mid_value,Mettupalayam,0,1
Customer_00268,3,5,,active,individual,1,Standard,mid_value,Mettupalayam,0,1
Customer_00269,3,2,,active,individual,1,Standard,mid_value,Mettupalayam,0,1
Customer_00270,3,2,,active,individual,1,Standard,mid_value,Mettupalayam,0,1
Customer_00271,3,1,,active,individual,2,Standard,mid_value,Mettupalayam,0,1
Customer_00272,2,1,,active,individual,1,Basic,low_value,Mettupalayam,0,1
Customer_00273,3,2,,active,individual,1,Standard,mid_value,Coimbatore,0,1
Customer_00274,4,6,,active,individual,1,Premium,high_value,Coimbatore,0,1
Customer_00275,3,4,,active,individual,1,Standard,mid_value,Mettupalayam,0,1
Customer_00276,3,2,,active,individual,1,Standard,mid_value,Mettupalayam,0,1
Customer_00277,3,5,,active,individual,1,Standard,mid_value,Mettupalayam,0,1
Customer_00278,3,1,,active,individual,1,Standard,mid_value,Mettupalayam,0,1
Customer_00279,3,2,,active,individual,1,Standard,mid_value,Mettupalayam,0,1
Customer_00280,3,5,,active,individual,1,Standard,mid_value,Mettupalayam,0,1
Customer_00281,4,5,,partial_active,individual,1,Premium,high_value,Mettupalayam,0,1
Customer_00282,3,9,,active,individual,1,Standard,mid_value,Mettupalayam,0,1
Customer_00283,3,1,,active,individual,1,Standard,mid_value,Mettupalayam,0,1
Customer_00284,3,1,,active,individual,1,Standard,mid_value,Mettupalayam,0,1
Customer_00285,3,2,,active,individual,1,Standard,mid_value,Coimbatore,0,1
Customer_00286,3,9,,active,individual,1,Standard,mid_value,Mettupalayam,0,1
Customer_00287,3,1,,active,individual,1,Standard,mid_value,Mettupalayam,0,1
Customer_00288,3,5,,partial_active,individual,1,Standard,mid_value,Coimbatore,0,1
Customer_00289,2,1,,active,individual,1,Basic,low_value,Mettupalayam,0,1
Customer_00290,2,1,,active,individual,1,Basic,low_value,Coimbatore,0,1
Customer_00291,3,2,,active,individual,1,Standard,mid_value,Mettupalayam,0,1
Customer_00292,4,2,,active,individual,1,Premium,high_value,Coimbatore,0,1
Customer_00293,4,6,,active,individual,1,Premium,high_value,Coimbatore,0,1
Customer_00294,4,1,,active,individual,1,Premium,high_value,Mettupalayam,0,1
Customer_00295,3,1,,inactive,individual,1,Standard,mid_value,Mettupalayam,0,1
Customer_00296,4,9,,active,individual,1,Premium,high_value,Mettupalayam,0,1
Customer_00297,4,2,,active,individual,1,Premium,high_value,Coimbatore,0,1
Customer_00298,4,2,,active,individual,1,Premium,high_value,Mettupalayam,0,1
Customer_00299,4,1,,active,institutional,1,Premium,high_value,Mettupalayam,0,1
Customer_00300,4,1,,active,individual,1,Premium,high_value,Coimbatore,0,1
Customer_00301,3,1,,active,individual,2,Standard,mid_value,Coimbatore,0,1
Customer_00302,4,2,,active,individual,1,Premium,high_value,Coimbatore,0,1
Customer_00303,4,9,,active,individual,1,Premium,high_value,Mettupalayam,0,1
Customer_00304,4,6,,active,individual,1,Premium,high_value,Mettupalayam,0,1
Customer_00305,4,9,,active,individual,1,Premium,high_value,Coimbatore,0,1
Customer_00306,4,2,,active,individual,1,Premium,high_value,Mettupalayam,0,1
Customer_00307,4,1,,active,individual,1,Premium,high_value,Coimbatore,0,1
Customer_00308,4,1,,active,individual,1,Premium,high_value,Coimbatore,0,1
Customer_00309,4,1,,active,individual,1,Premium,high_value,Coimbatore,0,1
Customer_00310,4,2,,active,individual,1,Premium,high_value,Coimbatore,0,1
Customer_00311,3,1,,active,individual,1,Standard,mid_value,Coimbatore,0,1
Customer_00312,4,6,,inactive,individual,1,Premium,high_value,Coimbatore,0,1
Customer_00313,3,5,,active,individual,1,Standard,mid_value,Mettupalayam,0,1
Customer_00314,3,2,,active,individual,1,Standard,mid_value,Mettupalayam,0,1
Customer_00315,4,2,,active,individual,1,Premium,high_value,Mettupalayam,0,1
Customer_00316,3,2,,active,individual,1,Standard,mid_value,Mettupalayam,0,1
Customer_00317,3,2,,active,individual,1,Standard,mid_value,Coimbatore,0,1
Customer_00318,2,3,,active,individual,1,Basic,low_value,Mettupalayam,0,1
Customer_00319,2,3,,active,individual,1,Basic,low_value,Mettupalayam,0,1
Customer_00320,4,1,,active,business,1,Premium,high_value,Coimbatore,0,1
Customer_00321,4,1,,active,individual,1,Premium,high_value,Coimbatore,0,1
Customer_00322,3,6,,active,individual,1,Standard,mid_value,Coimbatore,0,1
Customer_00323,3,5,,active,individual,1,Standard,mid_value,Mettupalayam,0,1
Customer_00324,4,2,,active,individual,1,Premium,high_value,Mettupalayam,0,1
Customer_00325,3,5,,active,individual,1,Standard,mid_value,Mettupalayam,0,1
Customer_00326,2,1,,active,business,1,Basic,low_value,Mettupalayam,0,1
Customer_00327,4,2,,active,individual,1,Premium,high_value,Coimbatore,0,1
Customer_00328,4,1,,active,individual,1,Premium,high_value,Coimbatore,0,1
Customer_00329,3,2,,active,individual,1,Standard,mid_value,Mettupalayam,0,1
Customer_00330,2,1,,active,individual,1,Basic,low_value,Mettupalayam,0,1
Customer_00331,3,1,,active,individual,1,Standard,mid_value,Mettupalayam,0,1
Customer_00332,4,2,,active,individual,1,Premium,high_value,Mettupalayam,0,1
Customer_00333,4,1,,active,individual,1,Premium,high_value,Coimbatore,0,1
Customer_00334,4,1,,active,individual,1,Premium,high_value,Coimbatore,0,1
Customer_00335,4,1,,active,individual,1,Premium,high_value,Mettupalayam,0,1
Customer_00336,3,2,,partial_active,individual,1,Standard,mid_value,Coimbatore,0,1
Customer_00337,3,5,,active,individual,1,Standard,mid_value,Mettupalayam,0,1
Customer_00338,4,11,,active,individual,1,Premium,high_value,Mettupalayam,0,1
Customer_00339,4,5,,active,individual,1,Premium,high_value,Mettupalayam,0,1
Customer_00340,4,7,,active,individual,1,Premium,high_value,Coimbatore,0,1
Customer_00341,4,6,,active,individual,1,Premium,high_value,Coimbatore,0,1
Customer_00342,4,6,,active,individual,1,Premium,high_value,Coimbatore,0,1
Customer_00343,2,6,,active,individual,1,Basic,low_value,Coimbatore,0,1
Customer_00344,4,7,,active,individual,1,Premium,high_value,Coimbatore,0,1
Customer_00345,4,7,,active,individual,1,Premium,high_value,Coimbatore,0,1
Customer_00346,3,10,,active,business,1,Standard,mid_value,Mettupalayam,0,1
Customer_00347,4,7,,active,individual,1,Premium,high_value,Coimbatore,0,1
Customer_00348,4,7,,active,individual,3,Premium,high_value,Coimbatore,0,1
Customer_00349,4,5,,active,individual,1,Premium,high_value,Coimbatore,0,1
Customer_00350,4,1,,active,individual,1,Premium,high_value,Mettupalayam,0,1
Customer_00351,4,10,,active,individual,1,Premium,high_value,Coimbatore,0,1
Customer_00352,4,1,,active,individual,1,Premium,high_value,Mettupalayam,0,1
Customer_00353,4,1,,active,individual,1,Premium,high_value,Mettupalayam,0,1
Customer_00354,4,1,,active,individual,1,Premium,high_value,Mettupalayam,0,1
Customer_00355,4,7,,active,individual,1,Premium,high_value,Coimbatore,0,1
Customer_00356,4,6,,active,individual,1,Premium,high_value,Coimbatore,0,1
Customer_00357,4,7,,active,individual,1,Premium,high_value,Mettupalayam,0,1
Customer_00358,4,1,,active,individual,1,Premium,high_value,Coimbatore,0,1
Customer_00359,4,2,,active,individual,1,Premium,high_value,Mettupalayam,0,1
Customer_00360,4,7,,active,individual,1,Premium,high_value,Coimbatore,0,1
Customer_00361,4,1,,active,individual,1,Premium,high_value,Mettupalayam,0,1
Customer_00362,4,5,,active,individual,1,Premium,high_value,Mettupalayam,0,1
Customer_00363,4,2,,active,individual,1,Premium,high_value,Mettupalayam,0,1
Customer_00364,4,3,,active,individual,1,Premium,high_value,Coimbatore,0,1
Customer_00365,4,8,,active,individual,2,Premium,high_value,Coimbatore,0,1
Customer_00366,3,1,,active,individual,1,Standard,mid_value,Mettupalayam,0,1
Customer_00367,4,1,,active,individual,1,Premium,high_value,Mettupalayam,0,1
Customer_00368,4,6,,active,individual,1,Premium,high_value,Coimbatore,0,1
Customer_00369,4,8,,active,individual,2,Premium,high_value,Coimbatore,0,1
Customer_00370,4,1,,active,individual,1,Premium,high_value,Mettupalayam,0,1
Customer_00371,4,5,,active,individual,1,Premium,high_value,Coimbatore,0,1
Customer_00372,4,5,,active,individual,1,Premium,high_value,Coimbatore,0,1
Customer_00373,3,5,,partial_active,individual,1,Standard,mid_value,Mettupalayam,0,1
Customer_00374,4,1,,active,individual,1,Premium,high_value,Coimbatore,0,1
Customer_00375,4,5,,active,institutional,2,Premium,high_value,Mettupalayam,0,1
Customer_00376,4,1,,active,individual,1,Premium,high_value,Mettupalayam,0,1
Customer_00377,4,2,,active,individual,1,Premium,high_value,Mettupalayam,0,1
Customer_00378,4,1,,active,individual,1,Premium,high_value,Mettupalayam,0,1
Customer_00379,3,7,,active,individual,1,Standard,mid_value,Coimbatore,0,1
Customer_00380,4,2,,active,individual,1,Premium,high_value,Mettupalayam,0,1
Customer_00381,4,5,,active,individual,1,Premium,high_value,Coimbatore,0,1
Customer_00382,4,5,,active,individual,1,Premium,high_value,Coimbatore,0,1
Customer_00383,4,6,,active,individual,1,Premium,high_value,Mettupalayam,0,1
Customer_00384,4,7,,active,individual,1,Premium,high_value,Coimbatore,0,1
Customer_00385,4,10,,active,individual,1,Premium,high_value,Coimbatore,0,1
Customer_00386,4,2,,active,individual,1,Premium,high_value,Mettupalayam,0,1
Customer_00387,3,1,,active,individual,1,Standard,mid_value,Mettupalayam,0,1
Customer_00388,4,1,,active,individual,1,Premium,high_value,Mettupalayam,0,1
Customer_00389,3,10,,active,individual,1,Standard,mid_value,Coimbatore,0,1
Customer_00390,4,2,,active,individual,1,Premium,high_value,Mettupalayam,0,1
Customer_00391,4,1,,active,individual,1,Premium,high_value,Mettupalayam,0,1
Customer_00392,4,7,,active,individual,1,Premium,high_value,Coimbatore,0,1
Customer_00393,4,7,,active,individual,1,Premium,high_value,Coimbatore,0,1
Customer_00394,4,9,,active,individual,1,Premium,high_value,Mettupalayam,0,1
Customer_00395,4,1,,active,individual,2,Premium,high_value,Mettupalayam,0,1
Customer_00396,4,5,,active,individual,1,Premium,high_value,Coimbatore,0,1
Customer_00397,4,1,,active,individual,1,Premium,high_value,Mettupalayam,0,1
Customer_00398,4,6,,active,individual,1,Premium,high_value,Mettupalayam,0,1
Customer_00399,4,1,,active,individual,1,Premium,high_value,Coimbatore,0,1
Customer_00400,4,1,,active,business,2,Premium,high_value,Mettupalayam,0,1
Customer_00401,3,1,,active,individual,1,Standard,mid_value,Mettupalayam,0,1
Customer_00402,4,11,,active,individual,3,Premium,high_value,Coimbatore,0,1
Customer_00403,4,11,,active,individual,3,Premium,high_value,Coimbatore,0,1
Customer_00404,4,1,,partial_active,individual,1,Premium,high_value,Mettupalayam,0,1
Customer_00405,4,1,,active,individual,1,Premium,high_value,Mettupalayam,0,1
Customer_00406,4,1,,active,business,1,Premium,high_value,Mettupalayam,0,1
Customer_00407,4,1,,active,individual,1,Premium,high_value,Mettupalayam,0,1
Customer_00408,4,2,,active,individual,1,Premium,high_value,Coimbatore,0,1
Customer_00409,4,1,,active,individual,1,Premium,high_value,Coimbatore,0,1
Customer_00410,4,1,,active,individual,1,Premium,high_value,Mettupalayam,0,1
Customer_00411,4,2,,active,individual,1,Premium,high_value,Coimbatore,0,1
Customer_00412,4,5,,active,individual,1,Premium,high_value,Mettupalayam,0,1
Customer_00413,3,9,,active,individual,2,Standard,mid_value,Mettupalayam,0,1
Customer_00414,4,1,,active,individual,1,Premium,high_value,Mettupalayam,0,1
Customer_00415,4,1,,active,business,2,Premium,high_value,Mettupalayam,0,1
Customer_00416,4,7,,active,individual,1,Premium,high_value,Mettupalayam,0,1
Customer_00417,4,7,,active,individual,1,Premium,high_value,Mettupalayam,0,1
Customer_00418,3,2,,active,individual,1,Standard,mid_value,Mettupalayam,0,1
Customer_00419,4,5,,active,individual,1,Premium,high_value,Mettupalayam,0,1
Customer_00420,4,2,,active,individual,1,Premium,high_value,Mettupalayam,0,1
Customer_00421,3,1,,active,individual,1,Standard,mid_value,Mettupalayam,0,1
Customer_00422,4,5,,active,individual,1,Premium,high_value,Mettupalayam,0,1
Customer_00423,4,1,,active,individual,1,Premium,high_value,Coimbatore,0,1
Customer_00424,4,1,,partial_active,individual,2,Premium,high_value,Mettupalayam,0,1
Customer_00425,4,1,,active,individual,1,Premium,high_value,Coimbatore,0,1
Customer_00426,4,2,,active,individual,2,Premium,high_value,Mettupalayam,0,1
Customer_00427,2,9,,active,individual,1,Basic,low_value,Coimbatore,0,1
Customer_00428,3,1,,active,individual,2,Standard,mid_value,Coimbatore,0,1
Customer_00429,4,1,,active,individual,1,Premium,high_value,Coimbatore,0,1
Customer_00430,2,1,,active,individual,1,Basic,low_value,Coimbatore,0,1
Customer_00431,4,5,,active,individual,1,Premium,high_value,Coimbatore,0,1
Customer_00432,4,1,,active,individual,1,Premium,high_value,Coimbatore,0,1
Customer_00433,3,1,,active,individual,1,Standard,mid_value,Coimbatore,0,1
Customer_00434,4,1,,active,individual,1,Premium,high_value,Coimbatore,0,1
Customer_00435,4,3,,active,individual,1,Premium,high_value,Coimbatore,0,1
Customer_00436,2,3,,active,individual,1,Basic,low_value,Mettupalayam,0,1
Customer_00437,4,1,,active,individual,1,Premium,high_value,Coimbatore,0,1
Customer_00438,4,1,,active,individual,1,Premium,high_value,Coimbatore,0,1
Customer_00439,3,4,,active,individual,1,Standard,mid_value,Mettupalayam,0,1
Customer_00440,2,1,,active,business,1,Basic,low_value,Coimbatore,0,1
Customer_00441,3,2,,active,individual,1,Standard,mid_value,Coimbatore,0,1
Customer_00442,2,1,,active,individual,1,Basic,low_value,Mettupalayam,0,1
Customer_00443,3,2,,active,individual,1,Standard,mid_value,Coimbatore,0,1
Customer_00444,4,9,,active,individual,1,Premium,high_value,Mettupalayam,0,1
Customer_00445,4,2,,active,individual,1,Premium,high_value,Coimbatore,0,1
Customer_00446,4,1,,active,individual,1,Premium,high_value,Mettupalayam,0,1
Customer_00447,2,6,,inactive,individual,1,Basic,low_value,Mettupalayam,0,1
Customer_00448,3,2,,inactive,individual,1,Standard,mid_value,Mettupalayam,0,1
Customer_00449,4,2,,active,individual,1,Premium,high_value,Mettupalayam,0,1
Customer_00450,4,1,,active,individual,2,Premium,high_value,Coimbatore,0,1
Customer_00451,4,5,,active,individual,1,Premium,high_value,Coimbatore,0,1
Customer_00452,2,1,,active,business,3,Basic,low_value,Coimbatore,0,1
Customer_00453,2,1,,active,individual,1,Basic,low_value,Mettupalayam,0,1
Customer_00454,4,1,,active,individual,1,Premium,high_value,Coimbatore,0,1
Customer_00455,4,1,,active,individual,1,Premium,high_value,Coimbatore,0,1
Customer_00456,4,1,,active,individual,1,Premium,high_value,Mettupalayam,0,1
Customer_00457,2,1,,active,individual,1,Basic,low_value,Coimbatore,0,1
Customer_00458,4,1,,active,individual,1,Premium,high_value,Mettupalayam,0,1
Customer_00459,3,1,,active,individual,1,Standard,mid_value,Coimbatore,0,1
Customer_00460,4,1,,active,individual,2,Premium,high_value,Coimbatore,0,1
Customer_00461,2,1,,active,individual,1,Basic,low_value,Coimbatore,0,1
Customer_00462,4,1,,active,individual,1,Premium,high_value,Coimbatore,0,1
Customer_00463,4,1,,active,individual,1,Premium,high_value,Coimbatore,0,1
Customer_00464,4,1,,active,individual,1,Premium,high_value,Coimbatore,0,1
Customer_00465,3,1,,active,individual,2,Standard,mid_value,Mettupalayam,0,1
Customer_00466,3,2,,active,individual,1,Standard,mid_value,Coimbatore,0,1
Customer_00467,3,5,,active,individual,1,Standard,mid_value,Mettupalayam,0,1
Customer_00468,4,5,,active,individual,1,Premium,high_value,Mettupalayam,0,1
Customer_00469,4,7,,active,individual,1,Premium,high_value,Coimbatore,0,1
Customer_00470,3,6,,active,individual,1,Standard,mid_value,Coimbatore,0,1
Customer_00471,2,7,,active,individual,1,Basic,low_value,Coimbatore,1,1
Customer_00472,3,7,,active,individual,1,Standard,mid_value,Coimbatore,1,1
Customer_00473,4,10,,active,individual,1,Premium,high_value,Coimbatore,1,1
Customer_00474,3,7,,active,individual,1,Standard,mid_value,Coimbatore,1,1
Customer_00475,4,6,,active,individual,1,Premium,high_value,Coimbatore,1,1
Customer_00476,4,7,,active,individual,1,Premium,high_value,Coimbatore,1,1
Customer_00477,4,7,,active,individual,1,Premium,high_value,Coimbatore,1,1
Customer_00478,3,1,,active,individual,1,Standard,mid_value,Mettupalayam,1,1
Customer_00479,3,1,,active,individual,1,Standard,mid_value,Mettupalayam,1,1
Customer_00480,4,1,,active,individual,1,Premium,high_value,Mettupalayam,1,1
Customer_00481,4,1,,active,individual,1,Premium,high_value,Mettupalayam,1,1
Customer_00482,4,1,,active,individual,1,Premium,high_value,Mettupalayam,1,1
Customer_00483,4,9,,active,individual,1,Premium,high_value,Mettupalayam,1,1
Customer_00484,4,10,,active,individual,1,Premium,high_value,Coimbatore,1,1
Customer_00485,4,1,,active,individual,1,Premium,high_value,Coimbatore,1,1
Customer_00486,4,2,,active,individual,1,Premium,high_value,Coimbatore,1,1
Customer_00487,4,2,,active,individual,1,Premium,high_value,Coimbatore,1,1
Customer_00488,3,1,,active,individual,1,Standard,mid_value,Mettupalayam,1,1
Customer_00489,4,2,,active,individual,1,Premium,high_value,Mettupalayam,1,1
Customer_00490,4,1,,active,individual,3,Premium,high_value,Coimbatore,1,1
Customer_00491,4,6,,active,individual,1,Premium,high_value,Coimbatore,1,1
Customer_00492,4,1,,active,individual,1,Premium,high_value,Coimbatore,1,1
Customer_00493,4,6,,active,individual,1,Premium,high_value,Coimbatore,1,1
Customer_00494,2,5,,inactive,individual,2,Basic,low_value,Mettupalayam,1,1
Customer_00495,4,7,,active,individual,1,Premium,high_value,Coimbatore,1,1
Customer_00496,4,1,,active,individual,1,Premium,high_value,Mettupalayam,1,1
Customer_00497,3,6,,active,individual,1,Standard,mid_value,Mettupalayam,1,1
Customer_00498,4,6,,active,individual,1,Premium,high_value,Coimbatore,1,1
Customer_00499,4,2,,active,individual,1,Premium,high_value,Coimbatore,1,1
Customer_00500,4,7,,active,individual,3,Premium,high_value,Mettupalayam,1,1
Customer_00501,3,1,,partial_active,individual,1,Standard,mid_value,Mettupalayam,1,1
Customer_00502,4,5,,active,individual,1,Premium,high_value,Mettupalayam,1,1
Customer_00503,4,10,,active,individual,1,Premium,high_value,Coimbatore,1,1
Customer_00504,4,7,,active,individual,1,Premium,high_value,Coimbatore,1,1
Customer_00505,4,1,,active,individual,1,Premium,high_value,Coimbatore,1,1
Customer_00506,4,1,,active,individual,1,Premium,high_value,Mettupalayam,1,1
Customer_00507,4,6,,active,individual,1,Premium,high_value,Coimbatore,1,1
Customer_00508,4,3,,active,individual,1,Premium,high_value,Mettupalayam,1,1
Customer_00509,4,4,,active,individual,1,Premium,high_value,Mettupalayam,1,1
Customer_00510,3,1,,active,individual,1,Standard,mid_value,Mettupalayam,1,1
Customer_00511,4,1,,active,individual,1,Premium,high_value,Mettupalayam,1,1
Customer_00512,4,6,,active,individual,1,Premium,high_value,Mettupalayam,1,1
Customer_00513,4,2,,active,individual,1,Premium,high_value,Coimbatore,1,1
Customer_00514,4,7,,active,individual,1,Premium,high_value,Coimbatore,1,1
Customer_00515,4,7,,active,individual,1,Premium,high_value,Coimbatore,1,1
Customer_00516,4,7,,active,individual,1,Premium,high_value,Coimbatore,1,1
Customer_00517,4,7,,active,individual,1,Premium,high_value,Mettupalayam,1,1
Customer_00518,3,7,,active,individual,1,Standard,mid_value,Coimbatore,1,1
Customer_00519,3,1,,active,individual,1,Standard,mid_value,Mettupalayam,1,1
Customer_00520,4,9,,active,individual,1,Premium,high_value,Mettupalayam,1,1
Customer_00521,1,8,,active,individual,1,Free,free_plan,Coimbatore,1,1
Customer_00522,4,6,,active,individual,1,Premium,high_value,Mettupalayam,1,1
Customer_00523,4,1,,active,individual,1,Premium,high_value,Mettupalayam,1,1
Customer_00524,4,1,,active,individual,1,Premium,high_value,Mettupalayam,1,1
Customer_00525,4,1,,active,individual,1,Premium,high_value,Mettupalayam,1,1
Customer_00526,4,9,,active,individual,1,Premium,high_value,Mettupalayam,1,1
Customer_00527,4,4,,active,individual,1,Premium,high_value,Mettupalayam,1,1
Customer_00528,4,4,,active,individual,1,Premium,high_value,Mettupalayam,1,1
Customer_00529,4,1,,active,individual,1,Premium,high_value,Mettupalayam,1,1
Customer_00530,4,8,,active,individual,2,Premium,high_value,Coimbatore,1,1
Customer_00531,4,9,,active,individual,1,Premium,high_value,Mettupalayam,1,1
Customer_00532,3,1,,partial_active,individual,1,Standard,mid_value,Mettupalayam,1,1
Customer_00533,4,1,,active,individual,1,Premium,high_value,Coimbatore,1,1
Customer_00534,4,2,,active,individual,1,Premium,high_value,Mettupalayam,1,1
Customer_00535,3,2,,active,individual,1,Standard,mid_value,Mettupalayam,1,1
Customer_00536,4,6,,active,individual,1,Premium,high_value,Coimbatore,1,1
Customer_00537,4,2,,active,individual,1,Premium,high_value,Coimbatore,1,1
Customer_00538,4,2,,active,individual,1,Premium,high_value,Coimbatore,1,1
Customer_00539,3,4,,active,individual,1,Standard,mid_value,Mettupalayam,1,1
Customer_00540,3,10,,active,individual,1,Standard,mid_value,Coimbatore,1,1
Customer_00541,3,2,,active,individual,8,Standard,mid_value,Mettupalayam,1,1
Customer_00542,3,3,,active,individual,8,Standard,mid_value,Mettupalayam,1,1
Customer_00543,4,7,,inactive,individual,1,Premium,high_value,Coimbatore,1,1
Customer_00544,4,7,,active,individual,1,Premium,high_value,Coimbatore,1,1
Customer_00545,4,1,,active,individual,1,Premium,high_value,Mettupalayam,1,1
Customer_00546,4,5,,active,individual,1,Premium,high_value,Coimbatore,1,1
Customer_00547,4,1,,partial_active,individual,1,Premium,high_value,Mettupalayam,1,1
Customer_00548,4,10,,active,individual,1,Premium,high_value,Coimbatore,1,1
Customer_00549,4,5,,active,individual,1,Premium,high_value,Coimbatore,1,1
Customer_00550,4,7,,active,individual,1,Premium,high_value,Coimbatore,1,1
Customer_00551,4,6,,active,individual,1,Premium,high_value,Mettupalayam,1,1
Customer_00552,3,2,,active,individual,1,Standard,mid_value,Mettupalayam,1,1
Customer_00553,4,1,,active,individual,1,Premium,high_value,Mettupalayam,1,1
Customer_00554,4,9,,active,individual,1,Premium,high_value,Mettupalayam,1,1
Customer_00555,4,1,,active,business,1,Premium,high_value,Coimbatore,1,1
Customer_00556,4,1,,active,individual,1,Premium,high_value,Coimbatore,1,1
Customer_00557,4,1,,active,individual,1,Premium,high_value,Coimbatore,1,1
Customer_00558,4,1,,active,individual,1,Premium,high_value,Coimbatore,1,1
Customer_00559,2,1,,active,individual,1,Basic,low_value,Mettupalayam,1,1
Customer_00560,2,1,,active,business,1,Basic,low_value,Mettupalayam,1,1
Customer_00561,4,9,,active,individual,1,Premium,high_value,Coimbatore,1,1
Customer_00562,4,1,,active,individual,1,Premium,high_value,Coimbatore,1,1
Customer_00563,4,1,,active,individual,1,Premium,high_value,Coimbatore,1,1
Customer_00564,4,1,,active,individual,1,Premium,high_value,Mettupalayam,1,1
Customer_00565,4,5,,active,individual,2,Premium,high_value,Coimbatore,1,1
Customer_00566,4,1,,active,individual,1,Premium,high_value,Coimbatore,1,1
Customer_00567,3,2,,active,individual,1,Standard,mid_value,Mettupalayam,1,1
Customer_00568,3,2,,active,individual,1,Standard,mid_value,Coimbatore,1,1
Customer_00569,4,1,,active,individual,1,Premium,high_value,Mettupalayam,1,1
Customer_00570,4,1,,active,individual,1,Premium,high_value,Mettupalayam,1,1
Customer_00571,3,9,,active,individual,1,Standard,mid_value,Mettupalayam,1,1
Customer_00572,2,1,,active,individual,1,Basic,low_value,Mettupalayam,1,1
Customer_00573,3,5,,active,individual,1,Standard,mid_value,Mettupalayam,1,1
Customer_00574,3,5,,active,individual,1,Standard,mid_value,Mettupalayam,1,1
Customer_00575,4,2,,active,individual,1,Premium,high_value,Mettupalayam,1,1
Customer_00576,3,2,,active,individual,1,Standard,mid_value,Mettupalayam,1,1
Customer_00577,3,2,,partial_active,individual,1,Standard,mid_value,Coimbatore,1,1
Customer_00578,3,1,,active,individual,1,Standard,mid_value,Coimbatore,1,1
Customer_00579,4,1,,active,individual,1,Premium,high_value,Coimbatore,1,1
Customer_00580,4,1,,active,individual,1,Premium,high_value,Mettupalayam,1,1
Customer_00581,4,1,,active,individual,1,Premium,high_value,Coimbatore,1,1
Customer_00582,4,1,,active,individual,1,Premium,high_value,Mettupalayam,1,1
Customer_00583,4,1,,active,individual,1,Premium,high_value,Coimbatore,1,1
Customer_00584,4,2,,active,individual,1,Premium,high_value,Coimbatore,1,1
Customer_00585,4,1,,active,individual,3,Premium,high_value,Coimbatore,1,1
Customer_00586,4,2,,active,individual,1,Premium,high_value,Mettupalayam,1,1
Customer_00587,4,5,,active,individual,1,Premium,high_value,Mettupalayam,1,1
Customer_00588,3,5,,inactive,individual,1,Standard,mid_value,Mettupalayam,1,1
Customer_00589,3,5,,active,individual,1,Standard,mid_value,Mettupalayam,1,1
Customer_00590,4,5,,active,individual,1,Premium,high_value,Coimbatore,1,1
Customer_00591,4,7,,active,individual,1,Premium,high_value,Coimbatore,1,1
Customer_00592,4,7,,active,individual,1,Premium,high_value,Coimbatore,1,1
Customer_00593,4,7,,active,individual,1,Premium,high_value,Coimbatore,1,1
Customer_00594,4,2,,active,individual,1,Premium,high_value,Coimbatore,1,1
Customer_00595,4,7,,active,individual,1,Premium,high_value,Coimbatore,1,1
Customer_00596,3,7,,active,individual,1,Standard,mid_value,Coimbatore,1,1
Customer_00597,2,7,,active,individual,3,Basic,low_value,Coimbatore,1,1
Customer_00598,4,7,,active,individual,1,Premium,high_value,Coimbatore,1,1
Customer_00599,2,7,,active,business,2,Basic,low_value,Coimbatore,1,1
Customer_00600,4,6,,active,individual,1,Premium,high_value,Coimbatore,1,1
Customer_00601,4,7,,partial_active,individual,2,Premium,high_value,Coimbatore,1,1
Customer_00602,4,7,,active,individual,1,Premium,high_value,Coimbatore,1,1
Customer_00603,4,6,,active,individual,1,Premium,high_value,Coimbatore,1,1
Customer_00604,1,5,,active,individual,1,Free,free_plan,Mettupalayam,1,1
Customer_00605,3,2,,active,individual,1,Standard,mid_value,Mettupalayam,1,1
Customer_00606,4,6,,active,individual,1,Premium,high_value,Mettupalayam,1,1
Customer_00607,4,5,,active,individual,1,Premium,high_value,Mettupalayam,1,1
Customer_00608,4,1,,active,individual,1,Premium,high_value,Mettupalayam,1,1
Customer_00609,4,1,,active,individual,1,Premium,high_value,Coimbatore,1,1
Customer_00610,4,5,,active,individual,1,Premium,high_value,Mettupalayam,1,1
Customer_00611,3,5,,active,individual,1,Standard,mid_value,Coimbatore,1,1
Customer_00612,4,2,,active,individual,1,Premium,high_value,Mettupalayam,1,1
Customer_00613,4,2,,active,individual,2,Premium,high_value,Mettupalayam,1,1
Customer_00614,4,7,,active,individual,1,Premium,high_value,Coimbatore,1,1
Customer_00615,4,1,,active,individual,1,Premium,high_value,Coimbatore,1,1
Customer_00616,4,1,,active,individual,1,Premium,high_value,Coimbatore,1,1
Customer_00617,4,1,,active,individual,1,Premium,high_value,Mettupalayam,1,1
Customer_00618,4,7,,active,individual,1,Premium,high_value,Mettupalayam,1,1
Customer_00619,3,10,,active,individual,3,Standard,mid_value,Coimbatore,1,1
Customer_00620,4,1,,active,individual,1,Premium,high_value,Mettupalayam,1,1
Customer_00621,3,1,,active,individual,1,Standard,mid_value,Mettupalayam,1,1
Customer_00622,3,10,,active,individual,1,Standard,mid_value,Coimbatore,1,1
Customer_00623,4,3,,active,individual,1,Premium,high_value,Mettupalayam,1,1
Customer_00624,4,6,,active,individual,1,Premium,high_value,Coimbatore,1,1
Customer_00625,4,1,,active,individual,1,Premium,high_value,Mettupalayam,1,1
Customer_00626,4,4,,active,individual,2,Premium,high_value,Mettupalayam,1,1
Customer_00627,4,6,,active,individual,1,Premium,high_value,Coimbatore,1,1
Customer_00628,4,1,,inactive,individual,1,Premium,high_value,Mettupalayam,1,1
Customer_00629,4,10,,active,individual,1,Premium,high_value,Coimbatore,1,1
Customer_00630,4,1,,active,individual,1,Premium,high_value,Coimbatore,1,1
Customer_00631,4,5,,active,individual,3,Premium,high_value,Coimbatore,1,1
Customer_00632,4,1,,active,individual,1,Premium,high_value,Mettupalayam,1,1
Customer_00633,4,3,,active,individual,1,Premium,high_value,Mettupalayam,1,1
Customer_00634,4,12,,active,individual,1,Premium,high_value,Coimbatore,1,1
Customer_00635,4,5,,active,individual,1,Premium,high_value,Mettupalayam,1,1
Customer_00636,3,6,,active,individual,1,Standard,mid_value,Mettupalayam,1,1
Customer_00637,4,7,,active,individual,1,Premium,high_value,Coimbatore,1,1
Customer_00638,4,1,,active,individual,1,Premium,high_value,Coimbatore,1,1
Customer_00639,3,5,,active,individual,1,Standard,mid_value,Mettupalayam,1,1
Customer_00640,3,5,,active,individual,2,Standard,mid_value,Coimbatore,1,1
Customer_00641,3,7,,active,individual,8,Standard,mid_value,Coimbatore,1,1
Customer_00642,3,10,,active,individual,3,Standard,mid_value,Coimbatore,1,1
Customer_00643,4,6,,active,individual,1,Premium,high_value,Mettupalayam,1,1
Customer_00644,4,1,,active,individual,1,Premium,high_value,Mettupalayam,1,1
Customer_00645,3,6,,active,individual,8,Standard,mid_value,Coimbatore,1,1
Customer_00646,3,5,,active,individual,8,Standard,mid_value,Coimbatore,1,1
Customer_00647,3,5,,active,individual,8,Standard,mid_value,Mettupalayam,1,1
Customer_00648,4,9,,active,individual,1,Premium,high_value,Mettupalayam,1,1
Customer_00649,3,1,,active,individual,1,Standard,mid_value,Mettupalayam,1,1
Customer_00650,4,1,,active,individual,1,Premium,high_value,Mettupalayam,1,1
Customer_00651,4,1,,active,individual,1,Premium,high_value,Mettupalayam,1,1
Customer_00652,4,2,,active,individual,1,Premium,high_value,Coimbatore,1,1
Customer_00653,3,2,,active,individual,1,Standard,mid_value,Mettupalayam,1,1
Customer_00654,4,6,,active,individual,1,Premium,high_value,Mettupalayam,1,1
Customer_00655,3,2,,active,individual,1,Standard,mid_value,Mettupalayam,1,1
Customer_00656,3,1,,active,individual,1,Standard,mid_value,Mettupalayam,1,1
Customer_00657,4,2,,active,individual,1,Premium,high_value,Mettupalayam,1,1
Customer_00658,3,1,,active,individual,1,Standard,mid_value,Mettupalayam,1,1
Customer_00659,4,1,,active,individual,3,Premium,high_value,Coimbatore,1,1
Customer_00660,4,2,,active,individual,1,Premium,high_value,Mettupalayam,1,1
Customer_00661,4,1,,active,individual,1,Premium,high_value,Coimbatore,1,1
Customer_00662,3,4,,active,institutional,1,Standard,mid_value,Mettupalayam,1,1
Customer_00663,4,1,,active,individual,1,Premium,high_value,Mettupalayam,1,1
Customer_00664,3,1,,active,individual,2,Standard,mid_value,Coimbatore,1,1
Customer_00665,2,1,,active,individual,1,Basic,low_value,Coimbatore,1,1
Customer_00666,4,1,,active,individual,1,Premium,high_value,Coimbatore,1,1
Customer_00667,2,1,,active,individual,1,Basic,low_value,Coimbatore,1,1
Customer_00668,4,9,,active,individual,1,Premium,high_value,Coimbatore,1,1
Customer_00669,2,3,,active,individual,1,Basic,low_value,Coimbatore,1,1
Customer_00670,4,1,,active,individual,1,Premium,high_value,Coimbatore,1,1
Customer_00671,4,5,,active,individual,1,Premium,high_value,Coimbatore,1,1
Customer_00672,3,1,,partial_active,individual,1,Standard,mid_value,Coimbatore,1,1
Customer_00673,4,1,,active,individual,1,Premium,high_value,Mettupalayam,1,1
Customer_00674,4,1,,active,individual,1,Premium,high_value,Coimbatore,1,1
Customer_00675,4,2,,active,individual,1,Premium,high_value,Mettupalayam,1,1
Customer_00676,4,3,,active,individual,1,Premium,high_value,Coimbatore,1,1
Customer_00677,3,5,,active,individual,1,Standard,mid_value,Mettupalayam,1,1
Customer_00678,3,6,,active,individual,1,Standard,mid_value,Mettupalayam,1,1
Customer_00679,3,1,,active,individual,1,Standard,mid_value,Mettupalayam,1,1
Customer_00680,3,1,,active,individual,1,Standard,mid_value,Mettupalayam,1,1
Customer_00681,3,9,,active,individual,2,Standard,mid_value,Mettupalayam,1,1
Customer_00682,4,1,,active,institutional,1,Premium,high_value,Mettupalayam,1,1
Customer_00683,4,1,,active,individual,1,Premium,high_value,Coimbatore,1,1
Customer_00684,3,1,,active,individual,1,Standard,mid_value,Coimbatore,1,1
Customer_00685,4,1,,active,individual,3,Premium,high_value,Mettupalayam,1,1
Customer_00686,4,2,,active,individual,1,Premium,high_value,Coimbatore,1,1
Customer_00687,4,1,,active,individual,1,Premium,high_value,Mettupalayam,1,1
Customer_00688,4,1,,active,individual,1,Premium,high_value,Mettupalayam,1,1
Customer_00689,4,1,,active,business,1,Premium,high_value,Coimbatore,1,1
Customer_00690,4,1,,active,individual,1,Premium,high_value,Mettupalayam,1,1
Customer_00691,4,7,,active,individual,3,Premium,high_value,Coimbatore,1,1
Customer_00692,4,1,,active,individual,1,Premium,high_value,Mettupalayam,1,1
Customer_00693,4,2,,active,individual,2,Premium,high_value,Mettupalayam,1,1
Customer_00694,2,1,,active,individual,1,Basic,low_value,Mettupalayam,1,1
Customer_00695,4,1,,active,individual,2,Premium,high_value,Coimbatore,1,1
Customer_00696,4,2,,active,individual,1,Premium,high_value,Coimbatore,1,1
Customer_00697,4,2,,active,individual,1,Premium,high_value,Coimbatore,1,1
Customer_00698,4,2,,active,individual,1,Premium,high_value,Coimbatore,1,1
Customer_00699,3,5,,active,individual,1,Standard,mid_value,Mettupalayam,1,1
Customer_00700,4,5,,active,individual,1,Premium,high_value,Coimbatore,1,1
Customer_00701,4,6,,inactive,individual,1,Premium,high_value,Coimbatore,1,1
Customer_00702,4,7,,active,individual,1,Premium,high_value,Coimbatore,1,1
Customer_00703,4,7,,active,individual,1,Premium,high_value,Mettupalayam,1,1
Customer_00704,4,7,,partial_active,individual,1,Premium,high_value,Coimbatore,1,1
Customer_00705,4,7,,active,individual,1,Premium,high_value,Coimbatore,1,1
Customer_00706,2,7,,active,individual,1,Basic,low_value,Coimbatore,1,1
Customer_00707,4,7,,active,individual,1,Premium,high_value,Coimbatore,1,1
Customer_00708,4,7,,active,individual,3,Premium,high_value,Coimbatore,1,1
Customer_00709,4,7,,active,individual,1,Premium,high_value,Coimbatore,1,1
Customer_00710,4,7,,active,individual,1,Premium,high_value,Coimbatore,1,1
Customer_00711,2,7,,active,individual,1,Basic,low_value,Coimbatore,1,1
Customer_00712,4,10,,active,individual,2,Premium,high_value,Coimbatore,1,1
Customer_00713,3,1,,inactive,individual,1,Standard,mid_value,Mettupalayam,1,1
Customer_00714,4,1,,inactive,individual,1,Premium,high_value,Coimbatore,1,1
Customer_00715,3,5,,active,individual,1,Standard,mid_value,Mettupalayam,1,1
Customer_00716,4,1,,active,individual,1,Premium,high_value,Coimbatore,1,1
Customer_00717,3,1,,active,individual,1,Standard,mid_value,Mettupalayam,1,1
Customer_00718,4,2,,active,individual,1,Premium,high_value,Mettupalayam,1,1
Customer_00719,4,7,,active,individual,1,Premium,high_value,Coimbatore,1,1
Customer_00720,4,1,,active,individual,1,Premium,high_value,Mettupalayam,1,1
Customer_00721,4,2,,active,individual,1,Premium,high_value,Mettupalayam,1,1
Customer_00722,4,8,,active,individual,1,Premium,high_value,Coimbatore,1,1
Customer_00723,3,6,,active,individual,1,Standard,mid_value,Coimbatore,1,1
Customer_00724,4,6,,active,individual,1,Premium,high_value,Coimbatore,1,1
Customer_00725,4,1,,active,individual,1,Premium,high_value,Coimbatore,1,1
Customer_00726,4,1,,active,individual,1,Premium,high_value,Coimbatore,1,1
Customer_00727,4,1,,active,individual,1,Premium,high_value,Coimbatore,1,1
Customer_00728,4,5,,partial_active,individual,1,Premium,high_value,Mettupalayam,1,1
Customer_00729,4,2,,active,individual,1,Premium,high_value,Mettupalayam,1,1
Customer_00730,4,12,,active,individual,1,Premium,high_value,Coimbatore,1,1
Customer_00731,4,2,,active,individual,1,Premium,high_value,Coimbatore,1,1
Customer_00732,4,1,,active,individual,3,Premium,high_value,Coimbatore,1,1
Customer_00733,4,1,,active,individual,2,Premium,high_value,Mettupalayam,1,1
Customer_00734,4,3,,active,individual,1,Premium,high_value,Mettupalayam,1,1
Customer_00735,4,1,,active,individual,1,Premium,high_value,Coimbatore,1,1
Customer_00736,4,9,,active,individual,1,Premium,high_value,Mettupalayam,1,1
Customer_00737,4,1,,active,institutional,2,Premium,high_value,Mettupalayam,1,1
Customer_00738,3,6,,inactive,individual,2,Standard,mid_value,Mettupalayam,1,1
Customer_00739,4,1,,active,individual,1,Premium,high_value,Mettupalayam,1,1
Customer_00740,3,7,,active,individual,2,Standard,mid_value,Mettupalayam,1,1
Customer_00741,4,1,,active,individual,1,Premium,high_value,Mettupalayam,1,1
Customer_00742,4,7,,active,individual,3,Premium,high_value,Mettupalayam,1,1
Customer_00743,4,5,,active,individual,2,Premium,high_value,Mettupalayam,1,1
Customer_00744,4,2,,active,individual,1,Premium,high_value,Mettupalayam,1,1
Customer_00745,4,1,,active,individual,2,Premium,high_value,Coimbatore,1,1
Customer_00746,4,10,,active,individual,1,Premium,high_value,Coimbatore,1,1
Customer_00747,4,1,,active,individual,1,Premium,high_value,Mettupalayam,1,1
Customer_00748,4,10,,active,individual,1,Premium,high_value,Coimbatore,1,1
Customer_00749,4,7,,active,individual,1,Premium,high_value,Coimbatore,1,1
Customer_00750,4,7,,active,individual,1,Premium,high_value,Coimbatore,1,1
Customer_00751,3,6,,active,individual,1,Standard,mid_value,Mettupalayam,1,1
Customer_00752,4,1,,active,individual,1,Premium,high_value,Coimbatore,1,1
Customer_00753,4,6,,active,individual,1,Premium,high_value,Coimbatore,1,1
Customer_00754,4,7,,active,individual,1,Premium,high_value,Coimbatore,1,1
Customer_00755,4,6,,active,individual,1,Premium,high_value,Coimbatore,1,1
Customer_00756,4,2,,active,individual,1,Premium,high_value,Coimbatore,1,1
Customer_00757,4,9,,active,individual,1,Premium,high_value,Coimbatore,1,1
Customer_00758,4,5,,active,individual,2,Premium,high_value,Mettupalayam,1,1
Customer_00759,4,5,,active,individual,1,Premium,high_value,Mettupalayam,1,1
Customer_00760,3,8,,active,individual,1,Standard,mid_value,Coimbatore,1,1
Customer_00761,2,1,,active,individual,1,Basic,low_value,Mettupalayam,1,1
Customer_00762,4,7,,active,individual,2,Premium,high_value,Coimbatore,1,1
Customer_00763,1,4,,active,individual,1,Free,free_plan,Mettupalayam,1,1
Customer_00764,4,1,,active,individual,1,Premium,high_value,Mettupalayam,1,1
Customer_00765,4,3,,active,individual,1,Premium,high_value,Mettupalayam,1,1
Customer_00766,4,7,,active,individual,1,Premium,high_value,Coimbatore,1,1
Customer_00767,4,1,,active,individual,1,Premium,high_value,Coimbatore,1,1
Customer_00768,4,9,,active,individual,1,Premium,high_value,Mettupalayam,1,1
Customer_00769,4,1,,active,individual,1,Premium,high_value,Mettupalayam,1,1
Customer_00770,4,1,,active,individual,1,Premium,high_value,Mettupalayam,1,1
Customer_00771,2,2,,active,individual,1,Basic,low_value,Mettupalayam,1,1
Customer_00772,4,2,,active,individual,1,Premium,high_value,Coimbatore,1,1
Customer_00773,4,2,,partial_active,individual,1,Premium,high_value,Mettupalayam,1,1
Customer_00774,4,1,,active,individual,1,Premium,high_value,Mettupalayam,1,1
Customer_00775,3,5,,active,individual,5,Standard,mid_value,Mettupalayam,1,1
Customer_00776,3,2,,active,individual,5,Standard,mid_value,Coimbatore,1,1
Customer_00777,3,1,,active,individual,1,Standard,mid_value,Mettupalayam,1,1
Customer_00778,4,6,,active,individual,1,Premium,high_value,Coimbatore,1,1
Customer_00779,4,1,,active,individual,1,Premium,high_value,Coimbatore,1,1
Customer_00780,3,6,,active,individual,1,Standard,mid_value,Coimbatore,1,1
Customer_00781,4,2,,active,individual,1,Premium,high_value,Coimbatore,1,1
Customer_00782,4,6,,active,individual,1,Premium,high_value,Coimbatore,1,1
Customer_00783,4,2,,active,individual,1,Premium,high_value,Mettupalayam,1,1
Customer_00784,4,9,,active,individual,1,Premium,high_value,Mettupalayam,1,1
Customer_00785,3,3,,active,individual,1,Standard,mid_value,Mettupalayam,1,1
Customer_00786,2,1,,active,individual,2,Basic,low_value,Coimbatore,1,1
Customer_00787,4,5,,active,individual,1,Premium,high_value,Coimbatore,1,1
Customer_00788,4,1,,active,individual,1,Premium,high_value,Coimbatore,1,1
Customer_00789,4,1,,active,individual,1,Premium,high_value,Coimbatore,1,1
Customer_00790,4,6,,active,individual,1,Premium,high_value,Coimbatore,1,1
Customer_00791,4,1,,active,individual,1,Premium,high_value,Coimbatore,1,1
Customer_00792,4,1,,active,individual,2,Premium,high_value,Coimbatore,1,1
Customer_00793,4,1,,active,individual,2,Premium,high_value,Coimbatore,1,1
Customer_00794,2,1,,active,business,1,Basic,low_value,Mettupalayam,1,1
Customer_00795,4,1,,active,individual,1,Premium,high_value,Mettupalayam,1,1
Customer_00796,4,1,,active,individual,1,Premium,high_value,Coimbatore,1,1
Customer_00797,3,1,,active,individual,1,Standard,mid_value,Mettupalayam,1,1
Customer_00798,2,1,,active,individual,1,Basic,low_value,Mettupalayam,1,1
Customer_00799,4,1,,active,individual,1,Premium,high_value,Mettupalayam,1,1
Customer_00800,3,5,,active,individual,1,Standard,mid_value,Mettupalayam,1,1
Customer_00801,3,2,,active,individual,1,Standard,mid_value,Coimbatore,1,1
Customer_00802,4,2,,active,individual,1,Premium,high_value,Coimbatore,1,1
Customer_00803,2,1,,active,individual,1,Basic,low_value,Mettupalayam,1,1
Customer_00804,3,2,,active,individual,1,Standard,mid_value,Mettupalayam,1,1
Customer_00805,4,5,,partial_active,individual,1,Premium,high_value,Mettupalayam,1,1
Customer_00806,2,1,,partial_active,individual,1,Basic,low_value,Mettupalayam,1,1
Customer_00807,4,1,,active,individual,1,Premium,high_value,Coimbatore,1,1
Customer_00808,3,1,,active,individual,1,Standard,mid_value,Mettupalayam,1,1
Customer_00809,4,1,,active,institutional,1,Premium,high_value,Mettupalayam,1,1
Customer_00810,3,1,,active,individual,1,Standard,mid_value,Mettupalayam,1,1
Customer_00811,3,5,,active,individual,1,Standard,mid_value,Mettupalayam,1,1
Customer_00812,4,5,,active,individual,1,Premium,high_value,Mettupalayam,1,1
Customer_00813,2,1,,active,individual,1,Basic,low_value,Mettupalayam,1,1
Customer_00814,4,1,,active,individual,3,Premium,high_value,Mettupalayam,1,1
Customer_00815,4,1,,active,individual,1,Premium,high_value,Coimbatore,1,1
Customer_00816,3,1,,active,individual,1,Standard,mid_value,Coimbatore,1,1
Customer_00817,4,1,,active,individual,1,Premium,high_value,Coimbatore,1,1
Customer_00818,2,1,,active,business,3,Basic,low_value,Coimbatore,1,1
Customer_00819,3,1,,active,individual,1,Standard,mid_value,Coimbatore,1,1
Customer_00820,4,1,,active,individual,1,Premium,high_value,Coimbatore,1,1
Customer_00821,4,5,,active,individual,1,Premium,high_value,Coimbatore,1,1
Customer_00822,2,1,,active,business,1,Basic,low_value,Coimbatore,1,1
Customer_00823,4,1,,active,individual,1,Premium,high_value,Mettupalayam,1,1
Customer_00824,4,1,,active,individual,1,Premium,high_value,Coimbatore,1,1
Customer_00825,3,2,,active,individual,1,Standard,mid_value,Mettupalayam,1,1
Customer_00826,2,1,,active,business,1,Basic,low_value,Mettupalayam,1,1
Customer_00827,2,1,,active,individual,1,Basic,low_value,Mettupalayam,1,1
Customer_00828,3,1,,active,individual,1,Standard,mid_value,Mettupalayam,1,1
Customer_00829,3,2,,active,individual,1,Standard,mid_value,Mettupalayam,1,1
Customer_00830,4,5,,active,individual,1,Premium,high_value,Coimbatore,1,1
Customer_00831,4,11,,active,individual,3,Premium,high_value,Coimbatore,1,1
Customer_00832,4,11,,active,individual,3,Premium,high_value,Coimbatore,1,1
Customer_00833,4,7,,active,individual,1,Premium,high_value,Coimbatore,1,1
Customer_00834,4,7,,active,individual,1,Premium,high_value,Coimbatore,1,1
Customer_00835,4,2,,active,individual,1,Premium,high_value,Coimbatore,1,1
Customer_00836,4,7,,active,individual,3,Premium,high_value,Coimbatore,1,1
Customer_00837,4,7,,active,individual,1,Premium,high_value,Coimbatore,1,1
Customer_00838,4,7,,active,individual,1,Premium,high_value,Coimbatore,1,1
Customer_00839,4,7,,active,individual,1,Premium,high_value,Coimbatore,1,1
Customer_00840,3,6,,active,individual,1,Standard,mid_value,Mettupalayam,1,1
Customer_00841,4,7,,active,individual,1,Premium,high_value,Coimbatore,1,1
Customer_00842,4,5,,active,individual,1,Premium,high_value,Mettupalayam,1,1
Customer_00843,4,7,,active,individual,1,Premium,high_value,Coimbatore,1,1
Customer_00844,4,7,,active,individual,1,Premium,high_value,Coimbatore,1,1
Customer_00845,3,7,,active,individual,1,Standard,mid_value,Coimbatore,1,1
Customer_00846,4,7,,active,individual,3,Premium,high_value,Coimbatore,1,1
Customer_00847,4,10,,active,individual,1,Premium,high_value,Mettupalayam,1,1
Customer_00848,4,2,,active,individual,1,Premium,high_value,Coimbatore,1,1
Customer_00849,4,1,,active,individual,1,Premium,high_value,Mettupalayam,1,1
Customer_00850,3,10,,active,individual,1,Standard,mid_value,Mettupalayam,1,1
Customer_00851,4,6,,active,individual,1,Premium,high_value,Mettupalayam,1,1
Customer_00852,4,2,,active,individual,1,Premium,high_value,Coimbatore,1,1
Customer_00853,3,3,,active,individual,1,Standard,mid_value,Mettupalayam,1,1
Customer_00854,4,1,,active,individual,1,Premium,high_value,Mettupalayam,1,1
Customer_00855,4,10,,active,individual,1,Premium,high_value,Coimbatore,1,1
Customer_00856,4,1,,active,individual,1,Premium,high_value,Coimbatore,1,1
Customer_00857,4,1,,active,individual,1,Premium,high_value,Coimbatore,1,1
Customer_00858,4,6,,active,individual,1,Premium,high_value,Coimbatore,1,1
Customer_00859,4,1,,active,individual,1,Premium,high_value,Coimbatore,1,1
Customer_00860,3,7,,active,individual,1,Standard,mid_value,Coimbatore,1,1
Customer_00861,3,6,,active,individual,1,Standard,mid_value,Mettupalayam,1,1
Customer_00862,4,5,,active,individual,1,Premium,high_value,Mettupalayam,1,1
Customer_00863,1,7,,active,individual,1,Free,free_plan,Coimbatore,1,1
Customer_00864,4,6,,active,individual,1,Premium,high_value,Coimbatore,1,1
Customer_00865,3,2,,active,individual,1,Standard,mid_value,Mettupalayam,1,1
Customer_00866,3,1,,inactive,individual,1,Standard,mid_value,Mettupalayam,1,1
Customer_00867,3,1,,active,individual,2,Standard,mid_value,Mettupalayam,1,1
Customer_00868,4,5,,active,individual,1,Premium,high_value,Coimbatore,1,1
Customer_00869,4,9,,inactive,individual,1,Premium,high_value,Mettupalayam,1,1
Customer_00870,4,7,,active,individual,1,Premium,high_value,Coimbatore,1,1
Customer_00871,4,7,,active,individual,1,Premium,high_value,Coimbatore,1,1
Customer_00872,4,5,,active,individual,1,Premium,high_value,Coimbatore,1,1
Customer_00873,4,6,,active,individual,1,Premium,high_value,Coimbatore,1,1
Customer_00874,4,6,,active,individual,1,Premium,high_value,Coimbatore,1,1
Customer_00875,4,7,,active,individual,1,Premium,high_value,Coimbatore,1,1
Customer_00876,3,1,,active,individual,1,Standard,mid_value,Mettupalayam,1,1
Customer_00877,3,7,,active,individual,1,Standard,mid_value,Coimbatore,1,1
Customer_00878,4,1,,active,individual,1,Premium,high_value,Mettupalayam,1,1
Customer_00879,4,1,,active,individual,1,Premium,high_value,Mettupalayam,1,1
Customer_00880,4,1,,active,individual,1,Premium,high_value,Coimbatore,1,1
Customer_00881,4,1,,active,individual,1,Premium,high_value,Mettupalayam,1,1
Customer_00882,4,1,,active,individual,1,Premium,high_value,Mettupalayam,1,1
Customer_00883,4,7,,active,individual,1,Premium,high_value,Coimbatore,1,1
Customer_00884,4,6,,active,individual,1,Premium,high_value,Coimbatore,1,1
Customer_00885,3,6,,active,individual,1,Standard,mid_value,Coimbatore,1,1
Customer_00886,4,6,,active,individual,1,Premium,high_value,Coimbatore,1,1
Customer_00887,4,1,,active,individual,1,Premium,high_value,Coimbatore,1,1
Customer_00888,4,7,,active,individual,1,Premium,high_value,Coimbatore,1,1
Customer_00889,4,6,,active,individual,1,Premium,high_value,Mettupalayam,1,1
Customer_00890,4,1,,active,individual,1,Premium,high_value,Coimbatore,1,1
Customer_00891,4,4,,active,individual,1,Premium,high_value,Mettupalayam,1,1
Customer_00892,4,3,,active,individual,1,Premium,high_value,Mettupalayam,1,1
Customer_00893,4,6,,active,individual,1,Premium,high_value,Mettupalayam,1,1
Customer_00894,4,1,,active,individual,2,Premium,high_value,Mettupalayam,1,1
Customer_00895,4,1,,active,individual,1,Premium,high_value,Mettupalayam,1,1
Customer_00896,3,4,,active,individual,1,Standard,mid_value,Mettupalayam,1,1
Customer_00897,4,7,,active,individual,1,Premium,high_value,Coimbatore,1,1
Customer_00898,4,5,,active,business,1,Premium,high_value,Coimbatore,1,1
Customer_00899,4,1,,active,individual,3,Premium,high_value,Mettupalayam,1,1
Customer_00900,3,6,,active,individual,1,Standard,mid_value,Coimbatore,1,1
Customer_00901,1,8,,active,individual,1,Free,free_plan,Coimbatore,1,1
Customer_00902,4,9,,active,individual,1,Premium,high_value,Mettupalayam,1,1
Customer_00903,3,3,,active,individual,1,Standard,mid_value,Mettupalayam,1,1
Customer_00904,3,1,,active,individual,1,Standard,mid_value,Mettupalayam,1,1
Customer_00905,4,9,,active,individual,1,Premium,high_value,Coimbatore,1,1
Customer_00906,4,7,,active,individual,1,Premium,high_value,Coimbatore,1,1
Customer_00907,4,2,,active,individual,1,Premium,high_value,Mettupalayam,1,1
Customer_00908,4,5,,active,individual,1,Premium,high_value,Coimbatore,1,1
Customer_00909,3,6,,active,individual,1,Standard,mid_value,Mettupalayam,1,1
Customer_00910,4,5,,active,individual,1,Premium,high_value,Coimbatore,1,1
Customer_00911,3,5,,active,individual,1,Standard,mid_value,Mettupalayam,1,1
Customer_00912,3,2,,active,individual,5,Standard,mid_value,Mettupalayam,1,1
Customer_00913,4,1,,active,individual,1,Premium,high_value,Mettupalayam,1,1
Customer_00914,4,7,,active,individual,1,Premium,high_value,Coimbatore,1,1
Customer_00915,4,1,,active,individual,1,Premium,high_value,Coimbatore,1,1
Customer_00916,3,10,,active,individual,3,Standard,mid_value,Coimbatore,1,1
Customer_00917,3,5,,active,individual,1,Standard,mid_value,Mettupalayam,1,1
Customer_00918,3,1,,active,individual,1,Standard,mid_value,Mettupalayam,1,1
Customer_00919,3,7,,active,individual,1,Standard,mid_value,Coimbatore,1,1
Customer_00920,4,6,,active,individual,1,Premium,high_value,Coimbatore,1,1
Customer_00921,4,7,,active,individual,1,Premium,high_value,Coimbatore,1,1
Customer_00922,4,3,,active,individual,1,Premium,high_value,Mettupalayam,1,1
Customer_00923,4,5,,active,individual,1,Premium,high_value,Mettupalayam,1,1
Customer_00924,4,1,,active,individual,1,Premium,high_value,Coimbatore,1,1
Customer_00925,4,2,,active,individual,1,Premium,high_value,Mettupalayam,1,1
Customer_00926,4,2,,active,individual,1,Premium,high_value,Mettupalayam,1,1
Customer_00927,2,1,,partial_active,individual,1,Basic,low_value,Mettupalayam,1,1
Customer_00928,3,5,,active,individual,1,Standard,mid_value,Mettupalayam,1,1
Customer_00929,3,5,,active,individual,1,Standard,mid_value,Coimbatore,1,1
Customer_00930,4,1,,active,individual,1,Premium,high_value,Coimbatore,1,1
Customer_00931,4,9,,active,individual,1,Premium,high_value,Coimbatore,1,1
Customer_00932,4,1,,active,individual,1,Premium,high_value,Coimbatore,1,1
Customer_00933,4,1,,active,individual,1,Premium,high_value,Coimbatore,1,1
Customer_00934,4,1,,active,individual,1,Premium,high_value,Coimbatore,1,1
Customer_00935,4,1,,active,individual,1,Premium,high_value,Coimbatore,1,1
Customer_00936,4,9,,active,individual,1,Premium,high_value,Mettupalayam,1,1
Customer_00937,2,1,,active,individual,1,Basic,low_value,Mettupalayam,1,1
Customer_00938,4,1,,active,individual,1,Premium,high_value,Coimbatore,1,1
Customer_00939,2,1,,active,individual,2,Basic,low_value,Coimbatore,1,1
Customer_00940,4,1,,active,individual,1,Premium,high_value,Coimbatore,1,1
Customer_00941,3,9,,active,individual,1,Standard,mid_value,Mettupalayam,1,1
Customer_00942,4,1,,active,individual,1,Premium,high_value,Coimbatore,1,1
Customer_00943,4,2,,active,individual,1,Premium,high_value,Mettupalayam,1,1
Customer_00944,4,1,,active,individual,1,Premium,high_value,Coimbatore,1,1
Customer_00945,3,9,,active,individual,2,Standard,mid_value,Mettupalayam,1,1
Customer_00946,4,5,,active,business,2,Premium,high_value,Coimbatore,1,1
Customer_00947,2,1,,active,individual,1,Basic,low_value,Coimbatore,1,1
Customer_00948,3,3,,partial_active,individual,1,Standard,mid_value,Mettupalayam,1,1
Customer_00949,4,5,,active,individual,1,Premium,high_value,Mettupalayam,1,1
Customer_00950,4,2,,active,individual,1,Premium,high_value,Mettupalayam,1,1
Customer_00951,4,1,,active,individual,2,Premium,high_value,Coimbatore,1,1
Customer_00952,3,2,,active,individual,1,Standard,mid_value,Coimbatore,1,1
Customer_00953,2,5,,active,individual,2,Basic,low_value,Mettupalayam,1,1
Customer_00954,4,1,,active,individual,1,Premium,high_value,Mettupalayam,1,1
Customer_00955,4,1,,active,individual,1,Premium,high_value,Mettupalayam,1,1
Customer_00956,3,9,,active,individual,1,Standard,mid_value,Mettupalayam,1,1
Customer_00957,4,2,,active,individual,1,Premium,high_value,Mettupalayam,1,1
Customer_00958,3,2,,active,individual,1,Standard,mid_value,Mettupalayam,1,1
Customer_00959,4,1,,active,individual,1,Premium,high_value,Coimbatore,1,1
Customer_00960,4,1,,active,individual,2,Premium,high_value,Mettupalayam,1,1
Customer_00961,4,5,,active,individual,1,Premium,high_value,Mettupalayam,1,1
Customer_00962,3,4,,partial_active,individual,1,Standard,mid_value,Mettupalayam,1,1
Customer_00963,2,1,,active,business,3,Basic,low_value,Coimbatore,1,1
Customer_00964,4,1,,active,individual,1,Premium,high_value,Mettupalayam,1,1
Customer_00965,4,1,,active,individual,1,Premium,high_value,Coimbatore,1,1
Customer_00966,4,6,,active,individual,1,Premium,high_value,Coimbatore,1,1
Customer_00967,4,2,,active,individual,1,Premium,high_value,Mettupalayam,1,1
Customer_00968,3,2,,active,individual,1,Standard,mid_value,Coimbatore,1,1
Customer_00969,4,1,,active,individual,1,Premium,high_value,Mettupalayam,1,1
Customer_00970,4,1,,active,individual,1,Premium,high_value,Coimbatore,1,1
Customer_00971,2,1,,active,individual,1,Basic,low_value,Mettupalayam,1,1
Customer_00972,4,5,,active,individual,1,Premium,high_value,Coimbatore,1,1
Customer_00973,3,5,,active,institutional,1,Standard,mid_value,Mettupalayam,1,1
Customer_00974,4,7,,active,individual,1,Premium,high_value,Coimbatore,1,1
Customer_00975,4,6,,active,individual,1,Premium,high_value,Coimbatore,1,1
Customer_00976,4,7,,active,individual,3,Premium,high_value,Coimbatore,1,1
Customer_00977,4,7,,active,individual,1,Premium,high_value,Coimbatore,1,1
Customer_00978,4,7,,active,individual,1,Premium,high_value,Coimbatore,1,1
Customer_00979,3,6,,active,individual,1,Standard,mid_value,Coimbatore,1,1
Customer_00980,3,7,,active,business,2,Standard,mid_value,Coimbatore,1,1
Customer_00981,3,7,,partial_active,individual,1,Standard,mid_value,Coimbatore,1,1
Customer_00982,4,7,,active,individual,1,Premium,high_value,Coimbatore,1,1
Customer_00983,4,6,,active,individual,1,Premium,high_value,Coimbatore,1,1
Customer_00984,4,6,,active,individual,1,Premium,high_value,Mettupalayam,1,1
Customer_00985,4,6,,active,individual,1,Premium,high_value,Mettupalayam,1,1
Customer_00986,4,2,,active,individual,1,Premium,high_value,Mettupalayam,1,1
Customer_00987,4,10,,active,individual,1,Premium,high_value,Mettupalayam,1,1
Customer_00988,4,5,,active,individual,1,Premium,high_value,Coimbatore,1,1
Customer_00989,4,7,,active,individual,1,Premium,high_value,Coimbatore,1,1
Customer_00990,3,1,,active,individual,1,Standard,mid_value,Mettupalayam,1,1
Customer_00991,4,1,,active,individual,1,Premium,high_value,Mettupalayam,1,1
Customer_00992,4,2,,active,individual,1,Premium,high_value,Mettupalayam,1,1
Customer_00993,4,1,,active,individual,1,Premium,high_value,Mettupalayam,1,1
Customer_00994,4,1,,active,individual,1,Premium,high_value,Mettupalayam,1,1
Customer_00995,4,4,,active,individual,2,Premium,high_value,Mettupalayam,1,1
Customer_00996,3,6,,active,individual,1,Standard,mid_value,Coimbatore,1,1
Customer_00997,4,7,,active,individual,1,Premium,high_value,Coimbatore,1,1
Customer_00998,4,2,,active,individual,1,Premium,high_value,Mettupalayam,1,1
Customer_00999,4,1,,active,individual,1,Premium,high_value,Mettupalayam,1,1
Customer_01000,4,5,,active,individual,1,Premium,high_value,Coimbatore,1,1
Customer_01001,4,9,,active,individual,1,Premium,high_value,Coimbatore,1,1
Customer_01002,3,7,,active,individual,1,Standard,mid_value,Coimbatore,1,1
Customer_01003,3,7,,active,individual,1,Standard,mid_value,Coimbatore,1,1
Customer_01004,3,1,,active,individual,1,Standard,mid_value,Mettupalayam,1,1
Customer_01005,4,2,,active,individual,1,Premium,high_value,Coimbatore,1,1
Customer_01006,4,2,,active,individual,1,Premium,high_value,Mettupalayam,1,1
Customer_01007,4,2,,active,individual,1,Premium,high_value,Mettupalayam,1,1
Customer_01008,4,5,,active,individual,1,Premium,high_value,Mettupalayam,1,1
Customer_01009,4,10,,active,individual,1,Premium,high_value,Coimbatore,1,1
Customer_01010,4,1,,active,individual,1,Premium,high_value,Mettupalayam,1,1
Customer_01011,4,1,,active,individual,1,Premium,high_value,Coimbatore,1,1
Customer_01012,4,1,,active,individual,1,Premium,high_value,Mettupalayam,1,1
Customer_01013,3,7,,active,individual,1,Standard,mid_value,Coimbatore,1,1
Customer_01014,4,6,,active,individual,1,Premium,high_value,Coimbatore,1,1
Customer_01015,3,5,,active,individual,2,Standard,mid_value,Mettupalayam,1,1
Customer_01016,4,7,,active,individual,1,Premium,high_value,Coimbatore,1,1
Customer_01017,4,6,,active,individual,1,Premium,high_value,Mettupalayam,1,1
Customer_01018,4,7,,active,individual,1,Premium,high_value,Coimbatore,1,1
Customer_01019,4,2,,active,individual,1,Premium,high_value,Coimbatore,1,1
Customer_01020,4,1,,active,individual,1,Premium,high_value,Mettupalayam,1,1
Customer_01021,4,2,,active,individual,1,Premium,high_value,Mettupalayam,1,1
Customer_01022,4,1,,active,institutional,1,Premium,high_value,Mettupalayam,1,1
Customer_01023,4,11,,active,individual,1,Premium,high_value,Coimbatore,1,1
Customer_01024,4,8,,active,individual,1,Premium,high_value,Coimbatore,1,1
Customer_01025,3,1,,active,individual,1,Standard,mid_value,Mettupalayam,1,1
Customer_01026,4,7,,active,individual,1,Premium,high_value,Coimbatore,1,1
Customer_01027,3,1,,active,individual,1,Standard,mid_value,Mettupalayam,1,1
Customer_01028,4,1,,active,individual,1,Premium,high_value,Mettupalayam,1,1
Customer_01029,4,8,,active,individual,1,Premium,high_value,Coimbatore,1,1
Customer_01030,4,1,,active,individual,1,Premium,high_value,Mettupalayam,1,1
Customer_01031,4,7,,active,individual,1,Premium,high_value,Coimbatore,1,1
Customer_01032,4,1,,active,individual,1,Premium,high_value,Coimbatore,1,1
Customer_01033,4,1,,active,individual,1,Premium,high_value,Mettupalayam,1,1
Customer_01034,4,6,,partial_active,individual,1,Premium,high_value,Coimbatore,1,1
Customer_01035,3,2,,active,individual,1,Standard,mid_value,Mettupalayam,1,1
Customer_01036,4,1,,active,individual,1,Premium,high_value,Mettupalayam,1,1
Customer_01037,3,3,,active,individual,1,Standard,mid_value,Mettupalayam,1,1
Customer_01038,4,7,,active,individual,1,Premium,high_value,Coimbatore,1,1
Customer_01039,4,10,,active,individual,1,Premium,high_value,Coimbatore,1,1
Customer_01040,4,6,,active,individual,1,Premium,high_value,Coimbatore,1,1
Customer_01041,4,5,,active,individual,1,Premium,high_value,Mettupalayam,1,1
Customer_01042,4,7,,active,individual,1,Premium,high_value,Coimbatore,1,1
Customer_01043,3,1,,active,individual,1,Standard,mid_value,Mettupalayam,1,1
Customer_01044,4,1,,active,individual,1,Premium,high_value,Mettupalayam,1,1
Customer_01045,2,5,,active,individual,1,Basic,low_value,Mettupalayam,1,1
Customer_01046,4,1,,active,individual,1,Premium,high_value,Coimbatore,1,1
Customer_01047,4,6,,active,individual,1,Premium,high_value,Coimbatore,1,1
Customer_01048,4,2,,active,individual,1,Premium,high_value,Mettupalayam,1,1
Customer_01049,3,2,,active,individual,1,Standard,mid_value,Coimbatore,1,1
Customer_01050,3,8,,active,individual,5,Standard,mid_value,Coimbatore,1,1
Customer_01051,3,10,,active,individual,5,Standard,mid_value,Coimbatore,1,1
Customer_01052,3,1,,active,individual,1,Standard,mid_value,Mettupalayam,1,1
Customer_01053,3,1,,active,individual,1,Standard,mid_value,Mettupalayam,1,1
Customer_01054,4,10,,active,individual,1,Premium,high_value,Coimbatore,1,1
Customer_01055,4,5,,active,individual,3,Premium,high_value,Mettupalayam,1,1
Customer_01056,3,1,,active,individual,1,Standard,mid_value,Mettupalayam,1,1
Customer_01057,4,1,,active,individual,1,Premium,high_value,Coimbatore,1,1
Customer_01058,4,1,,active,individual,1,Premium,high_value,Coimbatore,1,1
Customer_01059,3,1,,active,individual,1,Standard,mid_value,Coimbatore,1,1
Customer_01060,4,1,,active,individual,2,Premium,high_value,Mettupalayam,1,1
Customer_01061,4,5,,active,individual,1,Premium,high_value,Coimbatore,1,1
Customer_01062,4,5,,active,individual,1,Premium,high_value,Coimbatore,1,1
Customer_01063,4,1,,active,individual,1,Premium,high_value,Coimbatore,1,1
Customer_01064,4,1,,active,individual,1,Premium,high_value,Mettupalayam,1,1
Customer_01065,3,9,,active,individual,1,Standard,mid_value,Mettupalayam,1,1
Customer_01066,2,9,,active,individual,1,Basic,low_value,Mettupalayam,1,1
Customer_01067,2,3,,active,individual,1,Basic,low_value,Mettupalayam,1,1
Customer_01068,4,1,,active,individual,1,Premium,high_value,Coimbatore,1,1
Customer_01069,4,1,,active,business,1,Premium,high_value,Coimbatore,1,1
Customer_01070,4,3,,active,individual,1,Premium,high_value,Mettupalayam,1,1
Customer_01071,4,1,,active,individual,1,Premium,high_value,Mettupalayam,1,1
Customer_01072,3,2,,active,individual,1,Standard,mid_value,Mettupalayam,1,1
Customer_01073,4,1,,active,business,1,Premium,high_value,Coimbatore,1,1
Customer_01074,4,3,,active,individual,1,Premium,high_value,Mettupalayam,1,1
Customer_01075,2,2,,active,individual,1,Basic,low_value,Mettupalayam,1,1
Customer_01076,4,9,,active,individual,1,Premium,high_value,Coimbatore,1,1
Customer_01077,4,1,,active,individual,1,Premium,high_value,Coimbatore,1,1
Customer_01078,4,9,,active,individual,1,Premium,high_value,Coimbatore,1,1
Customer_01079,4,1,,active,individual,1,Premium,high_value,Coimbatore,1,1
Customer_01080,2,1,,active,individual,1,Basic,low_value,Coimbatore,1,1
Customer_01081,4,1,,active,individual,1,Premium,high_value,Coimbatore,1,1
Customer_01082,4,5,,active,individual,1,Premium,high_value,Coimbatore,1,1
Customer_01083,4,1,,active,individual,1,Premium,high_value,Coimbatore,1,1
Customer_01084,4,5,,active,individual,1,Premium,high_value,Mettupalayam,1,1
Customer_01085,4,6,,active,individual,1,Premium,high_value,Coimbatore,1,1
Customer_01086,3,6,,active,individual,1,Standard,mid_value,Coimbatore,1,1
Customer_01087,3,6,,active,individual,1,Standard,mid_value,Coimbatore,1,1
Customer_01088,4,7,,active,individual,1,Premium,high_value,Coimbatore,1,1
Customer_01089,4,7,,active,individual,1,Premium,high_value,Coimbatore,1,1
Customer_01090,4,6,,active,individual,1,Premium,high_value,Coimbatore,1,1
Customer_01091,3,7,,active,individual,1,Standard,mid_value,Coimbatore,1,1
Customer_01092,4,6,,active,individual,1,Premium,high_value,Coimbatore,1,1
Customer_01093,4,7,,active,individual,2,Premium,high_value,Coimbatore,1,1
Customer_01094,4,6,,active,individual,2,Premium,high_value,Coimbatore,1,1
Customer_01095,4,6,,active,individual,1,Premium,high_value,Coimbatore,1,1
Customer_01096,4,7,,active,individual,2,Premium,high_value,Coimbatore,1,1
Customer_01097,4,7,,active,individual,3,Premium,high_value,Coimbatore,1,1
Customer_01098,4,5,,active,individual,1,Premium,high_value,Coimbatore,1,1
Customer_01099,4,2,,active,individual,1,Premium,high_value,Coimbatore,1,1
Customer_01100,3,1,,active,individual,1,Standard,mid_value,Mettupalayam,1,1
Customer_01101,4,2,,active,individual,1,Premium,high_value,Mettupalayam,1,1
Customer_01102,4,2,,active,individual,1,Premium,high_value,Mettupalayam,1,1
Customer_01103,4,5,,active,individual,1,Premium,high_value,Coimbatore,1,1
Customer_01104,4,6,,active,individual,1,Premium,high_value,Mettupalayam,1,1
Customer_01105,4,1,,active,business,1,Premium,high_value,Mettupalayam,1,1
Customer_01106,4,7,,active,individual,1,Premium,high_value,Coimbatore,1,1
Customer_01107,4,2,,active,individual,1,Premium,high_value,Mettupalayam,1,1
Customer_01108,4,7,,active,individual,1,Premium,high_value,Coimbatore,1,1
Customer_01109,4,2,,active,individual,1,Premium,high_value,Coimbatore,1,1
Customer_01110,4,2,,active,individual,1,Premium,high_value,Mettupalayam,1,1
Customer_01111,4,10,,active,individual,1,Premium,high_value,Coimbatore,1,1
Customer_01112,4,5,,active,individual,1,Premium,high_value,Mettupalayam,1,1
Customer_01113,4,2,,active,individual,1,Premium,high_value,Mettupalayam,1,1
Customer_01114,4,1,,partial_active,individual,1,Premium,high_value,Mettupalayam,1,1
Customer_01115,3,6,,active,individual,1,Standard,mid_value,Mettupalayam,1,1
Customer_01116,4,2,,active,individual,1,Premium,high_value,Coimbatore,1,1
Customer_01117,4,10,,active,individual,1,Premium,high_value,Coimbatore,1,1
Customer_01118,4,9,,active,individual,1,Premium,high_value,Mettupalayam,1,1
Customer_01119,4,5,,partial_active,individual,1,Premium,high_value,Mettupalayam,1,1
Customer_01120,4,2,,active,individual,1,Premium,high_value,Coimbatore,1,1
Customer_01121,4,1,,partial_active,individual,1,Premium,high_value,Mettupalayam,1,1
Customer_01122,4,6,,active,individual,1,Premium,high_value,Coimbatore,1,1
Customer_01123,4,10,,active,individual,1,Premium,high_value,Coimbatore,1,1
Customer_01124,4,10,,active,individual,1,Premium,high_value,Coimbatore,1,1
Customer_01125,4,2,,active,individual,1,Premium,high_value,Mettupalayam,1,1
Customer_01126,4,2,,active,individual,1,Premium,high_value,Mettupalayam,1,1
Customer_01127,4,6,,active,individual,1,Premium,high_value,Coimbatore,1,1
Customer_01128,3,2,,active,individual,1,Standard,mid_value,Mettupalayam,1,1
Customer_01129,4,6,,active,individual,1,Premium,high_value,Mettupalayam,1,1
Customer_01130,4,1,,active,individual,1,Premium,high_value,Mettupalayam,1,1
Customer_01131,3,6,,active,individual,1,Standard,mid_value,Mettupalayam,1,1
Customer_01132,4,7,,active,individual,1,Premium,high_value,Coimbatore,1,1
Customer_01133,4,1,,active,individual,1,Premium,high_value,Coimbatore,1,1
Customer_01134,4,1,,active,individual,1,Premium,high_value,Mettupalayam,1,1
Customer_01135,4,5,,active,individual,1,Premium,high_value,Coimbatore,1,1
Customer_01136,4,3,,active,individual,1,Premium,high_value,Mettupalayam,1,1
Customer_01137,4,9,,active,individual,1,Premium,high_value,Coimbatore,1,1
Customer_01138,4,1,,active,individual,1,Premium,high_value,Mettupalayam,1,1
Customer_01139,3,1,,active,individual,1,Standard,mid_value,Mettupalayam,1,1
Customer_01140,4,1,,active,individual,1,Premium,high_value,Mettupalayam,1,1
Customer_01141,4,10,,active,individual,1,Premium,high_value,Coimbatore,1,1
Customer_01142,3,1,,active,individual,2,Standard,mid_value,Mettupalayam,1,1
Customer_01143,4,1,,active,individual,1,Premium,high_value,Mettupalayam,1,1
Customer_01144,4,1,,active,individual,1,Premium,high_value,Coimbatore,1,1
Customer_01145,1,5,,active,individual,1,Free,free_plan,Mettupalayam,1,1
Customer_01146,1,7,,inactive,individual,1,Free,free_plan,Coimbatore,1,1
Customer_01147,4,5,,active,individual,2,Premium,high_value,Mettupalayam,1,1
Customer_01148,4,1,,active,individual,2,Premium,high_value,Coimbatore,1,1
Customer_01149,4,6,,active,individual,1,Premium,high_value,Mettupalayam,1,1
Customer_01150,4,1,,active,individual,2,Premium,high_value,Mettupalayam,1,1
Customer_01151,4,3,,active,individual,1,Premium,high_value,Coimbatore,1,1
Customer_01152,4,9,,active,individual,1,Premium,high_value,Coimbatore,1,1
Customer_01153,4,1,,active,individual,1,Premium,high_value,Mettupalayam,1,1
Customer_01154,3,6,,active,individual,1,Standard,mid_value,Coimbatore,1,1
Customer_01155,3,7,,active,individual,1,Standard,mid_value,Coimbatore,1,1
Customer_01156,4,7,,inactive,individual,1,Premium,high_value,Coimbatore,1,1
Customer_01157,3,5,,active,individual,1,Standard,mid_value,Coimbatore,1,1
Customer_01158,4,7,,active,individual,1,Premium,high_value,Coimbatore,1,1
Customer_01159,4,5,,active,individual,1,Premium,high_value,Mettupalayam,1,1
Customer_01160,3,6,,active,individual,8,Standard,mid_value,Mettupalayam,1,1
Customer_01161,3,1,,partial_active,individual,1,Standard,mid_value,Mettupalayam,1,1
Customer_01162,4,1,,active,individual,2,Premium,high_value,Mettupalayam,1,1
Customer_01163,4,2,,active,individual,1,Premium,high_value,Mettupalayam,1,1
Customer_01164,3,1,,active,individual,1,Standard,mid_value,Mettupalayam,1,1
Customer_01165,3,1,,active,individual,1,Standard,mid_value,Mettupalayam,1,1
Customer_01166,4,6,,active,individual,1,Premium,high_value,Coimbatore,1,1
Customer_01167,4,1,,active,individual,1,Premium,high_value,Coimbatore,1,1
Customer_01168,3,6,,active,individual,1,Standard,mid_value,Mettupalayam,1,1
Customer_01169,4,2,,active,individual,1,Premium,high_value,Mettupalayam,1,1
Customer_01170,3,1,,active,business,1,Standard,mid_value,Mettupalayam,1,1
Customer_01171,4,1,,active,individual,1,Premium,high_value,Coimbatore,1,1
Customer_01172,2,2,,active,individual,1,Basic,low_value,Coimbatore,1,1
Customer_01173,4,1,,active,individual,2,Premium,high_value,Coimbatore,1,1
Customer_01174,2,1,,active,individual,1,Basic,low_value,Coimbatore,1,1
Customer_01175,2,1,,active,business,1,Basic,low_value,Coimbatore,1,1
Customer_01176,2,1,,active,individual,1,Basic,low_value,Coimbatore,1,1
Customer_01177,2,1,,active,individual,1,Basic,low_value,Coimbatore,1,1
Customer_01178,4,5,,active,individual,1,Premium,high_value,Mettupalayam,1,1
Customer_01179,4,9,,active,individual,1,Premium,high_value,Coimbatore,1,1
Customer_01180,4,1,,active,individual,1,Premium,high_value,Coimbatore,1,1
Customer_01181,3,1,,active,individual,1,Standard,mid_value,Mettupalayam,1,1
Customer_01182,4,6,,active,business,1,Premium,high_value,Mettupalayam,1,1
Customer_01183,4,9,,active,individual,1,Premium,high_value,Coimbatore,1,1
Customer_01184,3,1,,active,individual,1,Standard,mid_value,Coimbatore,1,1
Customer_01185,3,1,,active,individual,1,Standard,mid_value,Mettupalayam,1,1
Customer_01186,4,3,,active,individual,1,Premium,high_value,Mettupalayam,1,1
Customer_01187,3,5,,inactive,individual,1,Standard,mid_value,Mettupalayam,1,1
Customer_01188,3,2,,inactive,individual,1,Standard,mid_value,Mettupalayam,1,1
Customer_01189,2,9,,active,individual,1,Basic,low_value,Mettupalayam,1,1
Customer_01190,4,1,,active,individual,1,Premium,high_value,Coimbatore,1,1
Customer_01191,3,1,,active,individual,1,Standard,mid_value,Mettupalayam,1,1
Customer_01192,4,2,,active,individual,1,Premium,high_value,Mettupalayam,1,1
Customer_01193,3,4,,active,individual,1,Standard,mid_value,Mettupalayam,1,1
Customer_01194,3,1,,inactive,individual,1,Standard,mid_value,Coimbatore,1,1
Customer_01195,3,5,,active,individual,1,Standard,mid_value,Coimbatore,1,1
Customer_01196,3,1,,active,individual,1,Standard,mid_value,Mettupalayam,1,1
Customer_01197,4,1,,active,individual,1,Premium,high_value,Coimbatore,1,1
Customer_01198,4,2,,active,individual,1,Premium,high_value,Coimbatore,1,1
Customer_01199,4,1,,active,business,1,Premium,high_value,Coimbatore,1,1
Customer_01200,4,7,,active,individual,2,Premium,high_value,Coimbatore,1,1
Customer_01201,4,11,,active,individual,3,Premium,high_value,Mettupalayam,1,1
Customer_01202,4,5,,active,individual,1,Premium,high_value,Coimbatore,1,1
Customer_01203,3,5,,active,individual,1,Standard,mid_value,Mettupalayam,1,1
Customer_01204,3,7,,active,individual,1,Standard,mid_value,Coimbatore,1,1
Customer_01205,4,6,,active,individual,1,Premium,high_value,Coimbatore,1,1
Customer_01206,4,7,,active,individual,1,Premium,high_value,Coimbatore,1,1
Customer_01207,4,7,,active,individual,1,Premium,high_value,Coimbatore,1,1
Customer_01208,3,10,,active,individual,1,Standard,mid_value,Coimbatore,1,1
Customer_01209,3,7,,inactive,individual,2,Standard,mid_value,Coimbatore,1,1
Customer_01210,4,7,,active,individual,1,Premium,high_value,Coimbatore,1,1
Customer_01211,4,7,,active,business,1,Premium,high_value,Coimbatore,1,1
Customer_01212,4,6,,active,individual,1,Premium,high_value,Coimbatore,1,1
Customer_01213,4,7,,active,individual,1,Premium,high_value,Coimbatore,1,1
Customer_01214,3,7,,active,individual,1,Standard,mid_value,Coimbatore,1,1
Customer_01215,4,7,,active,individual,1,Premium,high_value,Coimbatore,1,1
Customer_01216,3,7,,active,individual,1,Standard,mid_value,Coimbatore,1,1
Customer_01217,4,10,,active,individual,1,Premium,high_value,Coimbatore,1,1
Customer_01218,4,7,,partial_active,individual,2,Premium,high_value,Coimbatore,1,1
Customer_01219,4,10,,active,individual,2,Premium,high_value,Coimbatore,1,1
Customer_01220,4,1,,active,individual,1,Premium,high_value,Mettupalayam,1,1
Customer_01221,4,6,,active,individual,1,Premium,high_value,Coimbatore,1,1
Customer_01222,4,5,,active,individual,1,Premium,high_value,Coimbatore,1,1
Customer_01223,4,1,,active,individual,1,Premium,high_value,Coimbatore,1,1
Customer_01224,3,1,,active,individual,1,Standard,mid_value,Mettupalayam,1,1
Customer_01225,4,6,,active,individual,1,Premium,high_value,Coimbatore,1,1
Customer_01226,4,2,,active,individual,1,Premium,high_value,Mettupalayam,1,1
Customer_01227,4,7,,active,individual,1,Premium,high_value,Coimbatore,1,1
Customer_01228,4,7,,active,individual,1,Premium,high_value,Coimbatore,1,1
Customer_01229,4,7,,active,individual,2,Premium,high_value,Coimbatore,1,1
Customer_01230,4,5,,active,individual,1,Premium,high_value,Coimbatore,1,1
Customer_01231,4,2,,active,individual,1,Premium,high_value,Mettupalayam,1,1
Customer_01232,4,2,,active,individual,1,Premium,high_value,Mettupalayam,1,1
Customer_01233,3,7,,active,individual,1,Standard,mid_value,Coimbatore,1,1
Customer_01234,4,8,,active,individual,2,Premium,high_value,Coimbatore,1,1
Customer_01235,4,6,,active,individual,1,Premium,high_value,Mettupalayam,1,1
Customer_01236,4,1,,active,individual,1,Premium,high_value,Coimbatore,1,1
Customer_01237,4,6,,active,individual,1,Premium,high_value,Coimbatore,1,1
Customer_01238,4,7,,active,individual,1,Premium,high_value,Coimbatore,1,1
Customer_01239,3,7,,active,individual,1,Standard,mid_value,Coimbatore,1,1
Customer_01240,4,7,,active,individual,1,Premium,high_value,Coimbatore,1,1
Customer_01241,4,9,,active,individual,1,Premium,high_value,Mettupalayam,1,1
Customer_01242,4,1,,partial_active,business,1,Premium,high_value,Mettupalayam,1,1
Customer_01243,4,2,,active,individual,1,Premium,high_value,Mettupalayam,1,1
Customer_01244,4,1,,active,individual,1,Premium,high_value,Coimbatore,1,1
Customer_01245,4,6,,active,individual,1,Premium,high_value,Coimbatore,1,1
Customer_01246,4,10,,active,individual,1,Premium,high_value,Coimbatore,1,1
Customer_01247,3,5,,active,individual,1,Standard,mid_value,Mettupalayam,1,1
Customer_01248,4,1,,active,individual,1,Premium,high_value,Mettupalayam,1,1
Customer_01249,4,2,,active,individual,1,Premium,high_value,Coimbatore,1,1
Customer_01250,4,7,,active,individual,1,Premium,high_value,Coimbatore,1,1
Customer_01251,4,2,,active,individual,1,Premium,high_value,Coimbatore,1,1
Customer_01252,4,1,,active,individual,1,Premium,high_value,Mettupalayam,1,1
Customer_01253,3,5,,active,individual,1,Standard,mid_value,Mettupalayam,1,1
Customer_01254,4,5,,active,individual,1,Premium,high_value,Mettupalayam,1,1
Customer_01255,4,10,,active,individual,1,Premium,high_value,Mettupalayam,1,1
Customer_01256,4,1,,active,individual,1,Premium,high_value,Coimbatore,1,1
Customer_01257,3,1,,active,individual,1,Standard,mid_value,Mettupalayam,1,1
Customer_01258,4,9,,active,individual,1,Premium,high_value,Mettupalayam,1,1
Customer_01259,4,8,,active,individual,2,Premium,high_value,Coimbatore,1,1
Customer_01260,4,1,,active,individual,1,Premium,high_value,Mettupalayam,1,1
Customer_01261,4,5,,active,individual,1,Premium,high_value,Mettupalayam,1,1
Customer_01262,4,1,,active,individual,1,Premium,high_value,Mettupalayam,1,1
Customer_01263,4,2,,active,individual,1,Premium,high_value,Mettupalayam,1,1
Customer_01264,4,5,,active,individual,1,Premium,high_value,Mettupalayam,1,1
Customer_01265,4,1,,active,individual,1,Premium,high_value,Mettupalayam,1,1
Customer_01266,4,9,,active,individual,1,Premium,high_value,Coimbatore,1,1
Customer_01267,4,4,,active,individual,1,Premium,high_value,Mettupalayam,1,1
Customer_01268,2,1,,active,individual,1,Basic,low_value,Mettupalayam,1,1
Customer_01269,4,7,,active,individual,1,Premium,high_value,Coimbatore,1,1
Customer_01270,4,5,,active,individual,2,Premium,high_value,Coimbatore,1,1
Customer_01271,4,7,,active,individual,3,Premium,high_value,Coimbatore,1,1
Customer_01272,3,5,,active,individual,1,Standard,mid_value,Mettupalayam,1,1
Customer_01273,3,2,,active,individual,1,Standard,mid_value,Mettupalayam,1,1
Customer_01274,4,6,,active,individual,1,Premium,high_value,Coimbatore,1,1
Customer_01275,3,9,,active,individual,8,Standard,mid_value,Mettupalayam,1,1
Customer_01276,4,12,,active,individual,1,Premium,high_value,Mettupalayam,1,1
Customer_01277,3,1,,active,individual,6,Standard,mid_value,Mettupalayam,1,1
Customer_01278,3,9,,active,individual,1,Standard,mid_value,Mettupalayam,1,1
Customer_01279,4,1,,active,individual,1,Premium,high_value,Coimbatore,1,1
Customer_01280,4,7,,active,individual,3,Premium,high_value,Coimbatore,1,1
