olt_id,log_date,total_usage_gb,capacity_gbps,avg_gbps,congestion_ratio,congestion_ratio_percent,congestion_status
1,2026-08-01,6822708,10,631.7322222222223,63.17322222222223,6317.322222222223,High
1,2026-08-02,6919586,10,640.7024074074075,64.07024074074074,6407.024074074075,High
1,2026-08-03,6646711,10,615.4362037037037,61.54362037037036,6154.362037037036,High
1,2026-08-04,6926381,10,641.3315740740741,64.13315740740741,6413.315740740741,High
1,2026-08-05,6641221,10,614.9278703703703,61.49278703703703,6149.278703703703,High
2,2026-08-01,5470222,5,506.50203703703704,101.3004074074074,10130.04074074074,High
2,2026-08-02,5588282,5,517.4335185185186,103.48670370370371,10348.670370370372,High
2,2026-08-03,5677642,5,525.7075925925926,105.14151851851852,10514.151851851853,High
2,2026-08-04,5625972,5,520.9233333333333,104.18466666666666,10418.466666666665,High
2,2026-08-05,5662714,5,524.3253703703704,104.86507407407407,10486.507407407407,High
3,2026-08-01,5552541,1,514.1241666666666,514.1241666666666,51412.416666666664,High
3,2026-08-02,5817212,1,538.6307407407407,538.6307407407407,53863.07407407407,High
3,2026-08-03,5758888,1,533.2303703703703,533.2303703703703,53323.03703703704,High
3,2026-08-04,5771349,1,534.3841666666667,534.3841666666667,53438.41666666667,High
3,2026-08-05,5889910,1,545.362037037037,545.362037037037,54536.2037037037,High
4,2026-08-01,6244067,1,578.1543518518519,578.1543518518519,57815.43518518518,High
4,2026-08-02,6153362,1,569.7557407407407,569.7557407407407,56975.57407407407,High
4,2026-08-03,6351438,1,588.0961111111111,588.0961111111111,58809.61111111111,High
4,2026-08-04,6202883,1,574.3410185185185,574.3410185185185,57434.10185185185,High
4,2026-08-05,6340899,1,587.1202777777778,587.1202777777778,58712.02777777778,High
5,2026-08-01,5611602,2,519.5927777777778,259.7963888888889,25979.638888888887,High
5,2026-08-02,5538760,2,512.8481481481482,256.4240740740741,25642.40740740741,High
5,2026-08-03,5764403,2,533.7410185185186,266.8705092592593,26687.050925925927,High
5,2026-08-04,5554420,2,514.2981481481481,257.14907407407406,25714.907407407405,High
5,2026-08-05,5478549,2,507.2730555555556,253.6365277777778,25363.652777777777,High
6,2026-08-01,4934847,2,456.9302777777778,228.4651388888889,22846.51388888889,High
6,2026-08-02,5022734,2,465.06796296296295,232.53398148148148,23253.398148148146,High
6,2026-08-03,4950357,2,458.3663888888889,229.18319444444444,22918.319444444445,High
6,2026-08-04,4785513,2,443.10305555555556,221.55152777777778,22155.152777777777,High
6,2026-08-05,4993352,2,462.3474074074074,231.1737037037037,23117.37037037037,High
7,2026-08-01,6087782,5,563.6835185185186,112.73670370370371,11273.670370370372,High
7,2026-08-02,6074821,5,562.4834259259259,112.49668518518517,11249.668518518518,High
7,2026-08-03,6166661,5,570.9871296296296,114.19742592592593,11419.742592592593,High
7,2026-08-04,6259558,5,579.5887037037037,115.91774074074074,11591.774074074074,High
7,2026-08-05,6231082,5,576.952037037037,115.39040740740741,11539.04074074074,High
8,2026-08-01,6390226,1,591.6875925925926,591.6875925925926,59168.75925925926,High
8,2026-08-02,6645168,1,615.2933333333333,615.2933333333333,61529.33333333333,High
8,2026-08-03,6478314,1,599.8438888888888,599.8438888888888,59984.38888888888,High
8,2026-08-04,6369277,1,589.7478703703704,589.7478703703704,58974.78703703704,High
8,2026-08-05,6735181,1,623.6278703703704,623.6278703703704,62362.78703703704,High
9,2026-08-01,5579646,2,516.6338888888889,258.31694444444446,25831.694444444445,High
9,2026-08-02,5631741,2,521.4575,260.72875,26072.875,High
9,2026-08-03,5661695,2,524.2310185185186,262.1155092592593,26211.550925925927,High
9,2026-08-04,5525683,2,511.63731481481483,255.81865740740741,25581.86574074074,High
9,2026-08-05,5467659,2,506.26472222222225,253.13236111111112,25313.236111111113,High
10,2026-08-01,5793604,1,536.4448148148148,536.4448148148148,53644.481481481474,High
10,2026-08-02,5852989,1,541.9434259259259,541.9434259259259,54194.34259259259,High
10,2026-08-03,5760617,1,533.3904629629629,533.3904629629629,53339.04629629629,High
10,2026-08-04,5770046,1,534.2635185185185,534.2635185185185,53426.35185185185,High
10,2026-08-05,5773584,1,534.5911111111111,534.5911111111111,53459.11111111111,High
