customer_id,plan_id,olt_id,activation_date,status,customer_type,connection_count_per_customer,plan_tier,value_segment,area
Customer_00001,3,1,2026-01-08,active,business,1,Standard,mid_value,Coimbatore
Customer_00002,2,1,2025-08-20,active,individual,1,Basic,low_value,Coimbatore
Customer_00003,1,1,2026-08-14,active,individual,1,Free,free_plan,Coimbatore
Customer_00004,3,1,2025-12-29,active,individual,1,Standard,mid_value,Mettupalayam
Customer_00005,3,1,2025-06-04,active,individual,1,Standard,mid_value,Coimbatore
Customer_00006,3,1,2025-06-05,partial_active,business,2,Standard,mid_value,Coimbatore
Customer_00007,3,2,2025-06-06,active,individual,1,Standard,mid_value,Mettupalayam
Customer_00008,3,2,2025-06-07,active,individual,1,Standard,mid_value,Coimbatore
Customer_00009,3,2,2025-06-08,active,individual,1,Standard,mid_value,Mettupalayam
Customer_00010,3,3,2025-06-09,partial_active,individual,1,Standard,mid_value,Mettupalayam
Customer_00011,3,4,2025-06-10,active,individual,1,Standard,mid_value,Mettupalayam
Customer_00012,3,1,2025-06-11,active,individual,1,Standard,mid_value,Mettupalayam
Customer_00013,3,2,2025-06-12,active,individual,1,Standard,mid_value,Coimbatore
Customer_00014,4,5,2025-06-13,active,individual,1,Premium,high_value,Mettupalayam
Customer_00015,3,1,2025-06-14,active,individual,1,Standard,mid_value,Mettupalayam
Customer_00016,2,1,2025-06-15,active,individual,1,Basic,low_value,Mettupalayam
Customer_00017,3,3,2025-06-16,active,individual,1,Standard,mid_value,Mettupalayam
Customer_00018,3,1,2025-06-17,active,individual,1,Standard,mid_value,Mettupalayam
Customer_00019,3,2,2025-06-18,active,individual,1,Standard,mid_value,Mettupalayam
Customer_00020,3,6,2025-06-19,active,individual,1,Standard,mid_value,Mettupalayam
Customer_00021,3,2,2025-06-20,active,individual,1,Standard,mid_value,Coimbatore
Customer_00022,3,1,2025-06-21,active,individual,1,Standard,mid_value,Mettupalayam
Customer_00023,3,2,2025-06-22,active,individual,1,Standard,mid_value,Mettupalayam
Customer_00024,2,1,2025-06-23,active,business,1,Basic,low_value,Mettupalayam
Customer_00025,1,1,2025-06-24,active,individual,1,Free,free_plan,Coimbatore
Customer_00026,3,5,2025-06-25,active,individual,1,Standard,mid_value,Mettupalayam
Customer_00027,3,7,2025-06-26,active,individual,1,Standard,mid_value,Coimbatore
Customer_00028,4,7,2025-06-27,active,individual,1,Premium,high_value,Coimbatore
Customer_00029,4,7,2025-06-28,active,institutional,1,Premium,high_value,Coimbatore
Customer_00030,3,6,2025-06-29,active,individual,1,Standard,mid_value,Coimbatore
Customer_00031,3,6,2025-06-30,active,individual,1,Standard,mid_value,Coimbatore
Customer_00032,3,7,2025-07-01,active,individual,1,Standard,mid_value,Coimbatore
Customer_00033,2,8,2025-07-02,active,individual,2,Basic,low_value,Coimbatore
Customer_00034,2,3,2025-07-03,active,individual,2,Basic,low_value,Coimbatore
Customer_00035,4,1,2025-07-04,inactive,individual,6,Premium,high_value,Mettupalayam
Customer_00036,3,1,2025-07-05,active,individual,1,Standard,mid_value,Mettupalayam
Customer_00037,3,4,2025-07-06,partial_active,individual,1,Standard,mid_value,Mettupalayam
Customer_00038,3,5,2025-07-07,inactive,individual,1,Standard,mid_value,Coimbatore
Customer_00039,3,4,2025-07-08,active,individual,6,Standard,mid_value,Mettupalayam
Customer_00040,3,5,2025-07-09,active,individual,1,Standard,mid_value,Mettupalayam
Customer_00041,3,1,2025-07-10,active,individual,1,Standard,mid_value,Mettupalayam
Customer_00042,4,2,2025-07-11,active,individual,1,Premium,high_value,Coimbatore
Customer_00043,3,2,2025-07-12,active,individual,1,Standard,mid_value,Mettupalayam
Customer_00044,4,9,2025-07-13,active,individual,1,Premium,high_value,Mettupalayam
Customer_00045,3,2,2025-07-14,active,individual,1,Standard,mid_value,Mettupalayam
Customer_00046,4,2,2025-07-15,active,individual,1,Premium,high_value,Mettupalayam
Customer_00047,3,1,2025-07-16,active,individual,1,Standard,mid_value,Mettupalayam
Customer_00048,2,1,2025-07-17,active,individual,1,Basic,low_value,Mettupalayam
Customer_00049,4,1,2025-07-18,active,individual,1,Premium,high_value,Mettupalayam
Customer_00050,4,5,2025-07-19,active,individual,1,Premium,high_value,Mettupalayam
Customer_00051,3,7,2025-07-20,active,individual,1,Standard,mid_value,Coimbatore
Customer_00052,3,7,2025-07-21,active,individual,1,Standard,mid_value,Coimbatore
Customer_00053,4,6,2025-07-22,active,individual,1,Premium,high_value,Coimbatore
Customer_00054,2,8,2025-07-23,active,individual,1,Basic,low_value,Coimbatore
Customer_00055,2,7,2025-07-24,active,individual,1,Basic,low_value,Coimbatore
Customer_00056,3,5,2025-07-25,active,individual,1,Standard,mid_value,Mettupalayam
Customer_00057,4,1,2025-07-26,partial_active,individual,1,Premium,high_value,Mettupalayam
Customer_00058,3,6,2025-07-27,active,individual,1,Standard,mid_value,Mettupalayam
Customer_00059,3,5,2025-07-28,active,individual,4,Standard,mid_value,Mettupalayam
Customer_00060,3,6,2025-07-29,active,individual,1,Standard,mid_value,Coimbatore
Customer_00061,3,3,2025-07-30,active,individual,1,Standard,mid_value,Mettupalayam
Customer_00062,3,1,2025-07-31,active,individual,1,Standard,mid_value,Mettupalayam
Customer_00063,3,1,2025-08-01,active,individual,1,Standard,mid_value,Coimbatore
Customer_00064,2,1,2025-08-02,active,individual,1,Basic,low_value,Coimbatore
Customer_00065,3,2,2025-08-03,active,individual,1,Standard,mid_value,Mettupalayam
Customer_00066,3,2,2025-08-04,active,individual,1,Standard,mid_value,Mettupalayam
Customer_00067,2,9,2025-08-05,active,individual,2,Basic,low_value,Mettupalayam
Customer_00068,3,6,2025-08-06,active,individual,1,Standard,mid_value,Coimbatore
Customer_00069,3,2,2025-08-07,active,individual,1,Standard,mid_value,Mettupalayam
Customer_00070,3,2,2025-08-08,active,individual,1,Standard,mid_value,Mettupalayam
Customer_00071,2,4,2025-08-09,active,individual,1,Basic,low_value,Mettupalayam
Customer_00072,4,2,2025-08-10,active,individual,1,Premium,high_value,Mettupalayam
Customer_00073,3,1,2025-08-11,active,individual,1,Standard,mid_value,Mettupalayam
Customer_00074,4,9,2025-08-12,active,individual,1,Premium,high_value,Mettupalayam
Customer_00075,3,1,2025-08-13,active,individual,1,Standard,mid_value,Mettupalayam
Customer_00076,3,9,2025-08-14,active,individual,2,Standard,mid_value,Mettupalayam
Customer_00077,3,6,2025-08-15,partial_active,individual,1,Standard,mid_value,Mettupalayam
Customer_00078,4,6,2025-08-16,active,individual,1,Premium,high_value,Mettupalayam
Customer_00079,3,6,2025-08-17,active,individual,1,Standard,mid_value,Mettupalayam
Customer_00080,3,2,2025-08-18,inactive,individual,1,Standard,mid_value,Mettupalayam
Customer_00081,3,7,2025-08-19,active,individual,1,Standard,mid_value,Coimbatore
Customer_00082,4,2,2025-08-20,active,individual,1,Premium,high_value,Mettupalayam
Customer_00083,3,1,2025-08-21,active,individual,1,Standard,mid_value,Mettupalayam
Customer_00084,3,2,2025-08-22,active,individual,1,Standard,mid_value,Coimbatore
Customer_00085,4,2,2025-08-23,active,individual,1,Premium,high_value,Mettupalayam
Customer_00086,4,2,2025-08-24,active,individual,1,Premium,high_value,Mettupalayam
Customer_00087,2,2,2025-08-25,active,individual,1,Basic,low_value,Coimbatore
Customer_00088,3,1,2025-08-26,active,individual,1,Standard,mid_value,Mettupalayam
Customer_00089,3,7,2025-08-27,partial_active,individual,1,Standard,mid_value,Mettupalayam
Customer_00090,4,7,2025-08-28,active,individual,1,Premium,high_value,Coimbatore
Customer_00091,2,7,2025-08-29,active,individual,1,Basic,low_value,Coimbatore
Customer_00092,3,1,2025-08-30,active,individual,1,Standard,mid_value,Mettupalayam
Customer_00093,3,2,2025-08-31,active,individual,1,Standard,mid_value,Mettupalayam
Customer_00094,3,7,2025-09-01,active,individual,3,Standard,mid_value,Coimbatore
Customer_00095,3,1,2025-09-02,active,individual,4,Standard,mid_value,Mettupalayam
Customer_00096,3,2,2025-09-03,active,individual,1,Standard,mid_value,Mettupalayam
Customer_00097,3,5,2025-09-04,active,individual,1,Standard,mid_value,Mettupalayam
Customer_00098,3,5,2025-09-05,active,individual,1,Standard,mid_value,Mettupalayam
Customer_00099,4,9,2025-09-06,active,individual,1,Premium,high_value,Mettupalayam
Customer_00100,3,3,2025-09-07,partial_active,individual,1,Standard,mid_value,Mettupalayam
