customer_id,olt_id,log_date,plan_tier,value_segment,data_usage_gb,avg_speed_mbps,downtime_minutes,latency_ms,speed_score,downtime_score,latency_score,experience_score,current_7d_avg,previous_7d_avg,complaint_count,complaint_count_30d,usage_drop_percent,usage_window_complete,high_usage_drop_flag,high_downtime_flag,high_latency_flag,low_experience_flag,complaint_leakage_flag,risk_observed_component_score,churn_risk_score,churn_risk_category
Customer_00001,9,2026-08-01,Standard,mid_value,11,100,14,13,100,75,100,92.5,,,0,0,,False,0,0,0,0,0,0,,Insufficient history
Customer_00001,9,2026-08-02,Standard,mid_value,6,91,23,49,75,75,75,75.0,,,0,0,,False,0,1,1,0,0,45,,Insufficient history
Customer_00001,9,2026-08-03,Standard,mid_value,13,90,13,19,75,75,100,80.0,,,0,0,,False,0,0,0,0,0,0,,Insufficient history
Customer_00001,9,2026-08-04,Standard,mid_value,6,82,9,14,75,100,100,87.5,,,0,0,,False,0,0,0,0,0,0,,Insufficient history
Customer_00001,9,2026-08-05,Standard,mid_value,14,114,23,14,100,75,100,92.5,,,0,0,,False,0,1,0,0,0,25,,Insufficient history
Customer_00002,2,2026-08-01,Basic,low_value,4,43,11,27,50,75,100,67.5,,,0,0,,False,0,0,0,0,0,0,,Insufficient history
Customer_00002,2,2026-08-02,Basic,low_value,4,54,8,49,75,100,75,82.5,,,0,0,,False,0,0,1,0,0,20,,Insufficient history
Customer_00002,2,2026-08-03,Basic,low_value,2,58,11,49,75,75,75,75.0,,,0,0,,False,0,0,1,0,0,20,,Insufficient history
Customer_00002,2,2026-08-04,Basic,low_value,4,40,28,45,50,75,75,62.5,,,0,0,,False,0,1,1,0,0,45,,Insufficient history
Customer_00002,2,2026-08-05,Basic,low_value,2,50,12,26,75,75,100,80.0,,,0,0,,False,0,0,0,0,0,0,,Insufficient history
Customer_00003,3,2026-08-01,Free,free_plan,0,30,9,27,50,100,100,75.0,,,0,0,,False,0,0,0,0,0,0,,Insufficient history
Customer_00003,3,2026-08-02,Free,free_plan,0,30,6,14,50,100,100,75.0,,,0,0,,False,0,0,0,0,0,0,,Insufficient history
Customer_00003,3,2026-08-03,Free,free_plan,1,24,28,38,50,75,75,62.5,,,0,0,,False,0,1,0,0,0,25,,Insufficient history
Customer_00003,3,2026-08-04,Free,free_plan,0,27,20,42,50,75,75,62.5,,,0,0,,False,0,0,1,0,0,20,,Insufficient history
Customer_00003,3,2026-08-05,Free,free_plan,0,26,21,30,50,75,100,67.5,,,0,0,,False,0,1,0,0,0,25,,Insufficient history
Customer_00004,5,2026-08-01,Standard,mid_value,9,98,4,25,75,100,100,87.5,,,0,0,,False,0,0,0,0,0,0,,Insufficient history
Customer_00004,5,2026-08-02,Standard,mid_value,14,102,28,32,100,75,75,87.5,,,1,1,,False,0,1,0,0,0,25,,Insufficient history
Customer_00004,5,2026-08-03,Standard,mid_value,7,87,21,13,75,75,100,80.0,,,1,1,,False,0,1,0,0,0,25,,Insufficient history
Customer_00004,5,2026-08-04,Standard,mid_value,11,108,26,30,100,75,100,92.5,,,1,1,,False,0,1,0,0,0,25,,Insufficient history
Customer_00004,5,2026-08-05,Standard,mid_value,7,93,3,36,75,100,75,82.5,,,1,1,,False,0,0,0,0,0,0,,Insufficient history
Customer_00005,6,2026-08-01,Standard,mid_value,10,83,5,20,75,100,100,87.5,,,0,0,,False,0,0,0,0,0,0,,Insufficient history
Customer_00005,6,2026-08-02,Standard,mid_value,11,92,2,17,75,100,100,87.5,,,0,0,,False,0,0,0,0,0,0,,Insufficient history
Customer_00005,6,2026-08-03,Standard,mid_value,10,96,9,32,75,100,75,82.5,,,0,0,,False,0,0,0,0,0,0,,Insufficient history
Customer_00005,6,2026-08-04,Standard,mid_value,12,110,6,17,100,100,100,100.0,,,0,0,,False,0,0,0,0,0,0,,Insufficient history
Customer_00005,6,2026-08-05,Standard,mid_value,14,85,18,45,75,75,75,75.0,,,1,1,,False,0,0,1,0,0,20,,Insufficient history
Customer_00006,3,2026-08-01,Standard,mid_value,9,107,2,27,100,100,100,100.0,,,0,0,,False,0,0,0,0,0,0,,Insufficient history
Customer_00006,3,2026-08-02,Standard,mid_value,7,93,10,45,75,100,75,82.5,,,1,1,,False,0,0,1,0,0,20,,Insufficient history
Customer_00006,3,2026-08-03,Standard,mid_value,10,86,5,26,75,100,100,87.5,,,1,1,,False,0,0,0,0,0,0,,Insufficient history
Customer_00006,3,2026-08-04,Standard,mid_value,9,86,6,40,75,100,75,82.5,,,1,1,,False,0,0,0,0,0,0,,Insufficient history
Customer_00006,3,2026-08-05,Standard,mid_value,7,83,17,38,75,75,75,75.0,,,1,1,,False,0,0,0,0,0,0,,Insufficient history
Customer_00007,4,2026-08-01,Standard,mid_value,15,108,7,19,100,100,100,100.0,,,0,0,,False,0,0,0,0,0,0,,Insufficient history
Customer_00007,4,2026-08-02,Standard,mid_value,6,120,1,22,100,100,100,100.0,,,0,0,,False,0,0,0,0,0,0,,Insufficient history
Customer_00007,4,2026-08-03,Standard,mid_value,11,95,11,34,75,75,75,75.0,,,0,0,,False,0,0,0,0,0,0,,Insufficient history
Customer_00007,4,2026-08-04,Standard,mid_value,11,88,10,17,75,100,100,87.5,,,0,0,,False,0,0,0,0,0,0,,Insufficient history
Customer_00007,4,2026-08-05,Standard,mid_value,11,110,28,22,100,75,100,92.5,,,0,0,,False,0,1,0,0,0,25,,Insufficient history
Customer_00008,9,2026-08-01,Standard,mid_value,11,84,28,38,75,75,75,75.0,,,1,1,,False,0,1,0,0,0,25,,Insufficient history
Customer_00008,9,2026-08-02,Standard,mid_value,14,92,22,13,75,75,100,80.0,,,1,1,,False,0,1,0,0,0,25,,Insufficient history
Customer_00008,9,2026-08-03,Standard,mid_value,6,107,12,13,100,75,100,92.5,,,1,1,,False,0,0,0,0,0,0,,Insufficient history
Customer_00008,9,2026-08-04,Standard,mid_value,7,101,27,38,100,75,75,87.5,,,1,1,,False,0,1,0,0,0,25,,Insufficient history
Customer_00008,9,2026-08-05,Standard,mid_value,11,102,6,24,100,100,100,100.0,,,1,1,,False,0,0,0,0,0,0,,Insufficient history
Customer_00009,4,2026-08-01,Standard,mid_value,7,104,28,46,100,75,75,87.5,,,1,1,,False,0,1,1,0,0,45,,Insufficient history
Customer_00009,4,2026-08-02,Standard,mid_value,7,97,27,20,75,75,100,80.0,,,1,1,,False,0,1,0,0,0,25,,Insufficient history
Customer_00009,4,2026-08-03,Standard,mid_value,6,100,7,20,100,100,100,100.0,,,1,1,,False,0,0,0,0,0,0,,Insufficient history
Customer_00009,4,2026-08-04,Standard,mid_value,7,99,23,47,75,75,75,75.0,,,1,1,,False,0,1,1,0,0,45,,Insufficient history
Customer_00009,4,2026-08-05,Standard,mid_value,12,110,20,32,100,75,75,87.5,,,1,1,,False,0,0,0,0,0,0,,Insufficient history
Customer_00010,10,2026-08-01,Standard,mid_value,10,116,19,47,100,75,75,87.5,,,0,0,,False,0,0,1,0,0,20,,Insufficient history
Customer_00010,10,2026-08-02,Standard,mid_value,7,119,23,43,100,75,75,87.5,,,0,0,,False,0,1,1,0,0,45,,Insufficient history
Customer_00010,10,2026-08-03,Standard,mid_value,6,93,26,33,75,75,75,75.0,,,0,0,,False,0,1,0,0,0,25,,Insufficient history
Customer_00010,10,2026-08-04,Standard,mid_value,8,82,12,41,75,75,75,75.0,,,0,0,,False,0,0,1,0,0,20,,Insufficient history
Customer_00010,10,2026-08-05,Standard,mid_value,14,117,0,29,100,100,100,100.0,,,0,0,,False,0,0,0,0,0,0,,Insufficient history
Customer_00011,1,2026-08-01,Standard,mid_value,15,98,3,15,75,100,100,87.5,,,0,0,,False,0,0,0,0,0,0,,Insufficient history
Customer_00011,1,2026-08-02,Standard,mid_value,11,92,26,16,75,75,100,80.0,,,0,0,,False,0,1,0,0,0,25,,Insufficient history
Customer_00011,1,2026-08-03,Standard,mid_value,14,104,20,25,100,75,100,92.5,,,0,0,,False,0,0,0,0,0,0,,Insufficient history
Customer_00011,1,2026-08-04,Standard,mid_value,10,110,16,13,100,75,100,92.5,,,0,0,,False,0,0,0,0,0,0,,Insufficient history
Customer_00011,1,2026-08-05,Standard,mid_value,6,98,5,25,75,100,100,87.5,,,0,0,,False,0,0,0,0,0,0,,Insufficient history
Customer_00012,1,2026-08-01,Standard,mid_value,5,101,14,44,100,75,75,87.5,,,0,0,,False,0,0,1,0,0,20,,Insufficient history
Customer_00012,1,2026-08-02,Standard,mid_value,14,119,1,44,100,100,75,95.0,,,0,0,,False,0,0,1,0,0,20,,Insufficient history
Customer_00012,1,2026-08-03,Standard,mid_value,10,80,8,24,75,100,100,87.5,,,0,0,,False,0,0,0,0,0,0,,Insufficient history
Customer_00012,1,2026-08-04,Standard,mid_value,8,88,16,43,75,75,75,75.0,,,0,0,,False,0,0,1,0,0,20,,Insufficient history
Customer_00012,1,2026-08-05,Standard,mid_value,6,116,17,44,100,75,75,87.5,,,1,1,,False,0,0,1,0,0,20,,Insufficient history
Customer_00013,10,2026-08-01,Standard,mid_value,11,96,16,39,75,75,75,75.0,,,0,0,,False,0,0,0,0,0,0,,Insufficient history
Customer_00013,10,2026-08-02,Standard,mid_value,14,118,15,36,100,75,75,87.5,,,0,0,,False,0,0,0,0,0,0,,Insufficient history
Customer_00013,10,2026-08-03,Standard,mid_value,9,101,21,19,100,75,100,92.5,,,0,0,,False,0,1,0,0,0,25,,Insufficient history
Customer_00013,10,2026-08-04,Standard,mid_value,15,116,10,29,100,100,100,100.0,,,0,0,,False,0,0,0,0,0,0,,Insufficient history
Customer_00013,10,2026-08-05,Standard,mid_value,14,104,25,29,100,75,100,92.5,,,0,0,,False,0,1,0,0,0,25,,Insufficient history
Customer_00014,8,2026-08-01,Premium,high_value,20,248,26,28,100,75,100,92.5,,,1,1,,False,0,1,0,0,0,25,,Insufficient history
Customer_00014,8,2026-08-02,Premium,high_value,23,227,19,33,100,75,75,87.5,,,1,1,,False,0,0,0,0,0,0,,Insufficient history
Customer_00014,8,2026-08-03,Premium,high_value,17,191,23,32,100,75,75,87.5,,,1,1,,False,0,1,0,0,0,25,,Insufficient history
Customer_00014,8,2026-08-04,Premium,high_value,24,243,25,21,100,75,100,92.5,,,1,1,,False,0,1,0,0,0,25,,Insufficient history
Customer_00014,8,2026-08-05,Premium,high_value,22,222,18,22,100,75,100,92.5,,,1,1,,False,0,0,0,0,0,0,,Insufficient history
Customer_00015,7,2026-08-01,Standard,mid_value,5,101,28,28,100,75,100,92.5,,,1,1,,False,0,1,0,0,0,25,,Insufficient history
Customer_00015,7,2026-08-02,Standard,mid_value,6,104,22,32,100,75,75,87.5,,,1,1,,False,0,1,0,0,0,25,,Insufficient history
Customer_00015,7,2026-08-03,Standard,mid_value,6,118,22,21,100,75,100,92.5,,,1,1,,False,0,1,0,0,0,25,,Insufficient history
Customer_00015,7,2026-08-04,Standard,mid_value,9,118,15,23,100,75,100,92.5,,,1,1,,False,0,0,0,0,0,0,,Insufficient history
Customer_00015,7,2026-08-05,Standard,mid_value,12,109,7,50,100,100,75,95.0,,,1,1,,False,0,0,1,0,0,20,,Insufficient history
Customer_00016,6,2026-08-01,Basic,low_value,2,41,8,30,50,100,100,75.0,,,0,0,,False,0,0,0,0,0,0,,Insufficient history
Customer_00016,6,2026-08-02,Basic,low_value,3,54,3,30,75,100,100,87.5,,,0,0,,False,0,0,0,0,0,0,,Insufficient history
Customer_00016,6,2026-08-03,Basic,low_value,3,59,20,32,75,75,75,75.0,,,0,0,,False,0,0,0,0,0,0,,Insufficient history
Customer_00016,6,2026-08-04,Basic,low_value,2,54,18,21,75,75,100,80.0,,,0,0,,False,0,0,0,0,0,0,,Insufficient history
Customer_00016,6,2026-08-05,Basic,low_value,4,55,28,45,75,75,75,75.0,,,1,1,,False,0,1,1,0,0,45,,Insufficient history
Customer_00017,10,2026-08-01,Standard,mid_value,9,105,17,44,100,75,75,87.5,,,0,0,,False,0,0,1,0,0,20,,Insufficient history
Customer_00017,10,2026-08-02,Standard,mid_value,9,102,12,14,100,75,100,92.5,,,0,0,,False,0,0,0,0,0,0,,Insufficient history
Customer_00017,10,2026-08-03,Standard,mid_value,8,80,23,16,75,75,100,80.0,,,1,1,,False,0,1,0,0,0,25,,Insufficient history
Customer_00017,10,2026-08-04,Standard,mid_value,14,119,14,46,100,75,75,87.5,,,1,1,,False,0,0,1,0,0,20,,Insufficient history
Customer_00017,10,2026-08-05,Standard,mid_value,10,98,7,17,75,100,100,87.5,,,1,1,,False,0,0,0,0,0,0,,Insufficient history
Customer_00018,6,2026-08-01,Standard,mid_value,12,109,10,41,100,100,75,95.0,,,0,0,,False,0,0,1,0,0,20,,Insufficient history
Customer_00018,6,2026-08-02,Standard,mid_value,6,104,27,34,100,75,75,87.5,,,1,1,,False,0,1,0,0,0,25,,Insufficient history
Customer_00018,6,2026-08-03,Standard,mid_value,11,108,6,37,100,100,75,95.0,,,1,1,,False,0,0,0,0,0,0,,Insufficient history
Customer_00018,6,2026-08-04,Standard,mid_value,12,80,7,45,75,100,75,82.5,,,1,1,,False,0,0,1,0,0,20,,Insufficient history
Customer_00018,6,2026-08-05,Standard,mid_value,6,110,1,33,100,100,75,95.0,,,1,1,,False,0,0,0,0,0,0,,Insufficient history
Customer_00019,2,2026-08-01,Standard,mid_value,9,92,5,25,75,100,100,87.5,,,0,0,,False,0,0,0,0,0,0,,Insufficient history
Customer_00019,2,2026-08-02,Standard,mid_value,11,102,13,47,100,75,75,87.5,,,0,0,,False,0,0,1,0,0,20,,Insufficient history
Customer_00019,2,2026-08-03,Standard,mid_value,8,99,1,47,75,100,75,82.5,,,0,0,,False,0,0,1,0,0,20,,Insufficient history
Customer_00019,2,2026-08-04,Standard,mid_value,10,92,1,46,75,100,75,82.5,,,0,0,,False,0,0,1,0,0,20,,Insufficient history
Customer_00019,2,2026-08-05,Standard,mid_value,5,99,17,20,75,75,100,80.0,,,0,0,,False,0,0,0,0,0,0,,Insufficient history
Customer_00020,2,2026-08-01,Standard,mid_value,7,101,1,47,100,100,75,95.0,,,0,0,,False,0,0,1,0,0,20,,Insufficient history
Customer_00020,2,2026-08-02,Standard,mid_value,15,85,24,50,75,75,75,75.0,,,0,0,,False,0,1,1,0,0,45,,Insufficient history
Customer_00020,2,2026-08-03,Standard,mid_value,9,92,11,43,75,75,75,75.0,,,0,0,,False,0,0,1,0,0,20,,Insufficient history
Customer_00020,2,2026-08-04,Standard,mid_value,13,82,11,29,75,75,100,80.0,,,0,0,,False,0,0,0,0,0,0,,Insufficient history
Customer_00020,2,2026-08-05,Standard,mid_value,15,104,6,14,100,100,100,100.0,,,0,0,,False,0,0,0,0,0,0,,Insufficient history
Customer_00021,7,2026-08-01,Standard,mid_value,7,103,7,12,100,100,100,100.0,,,0,0,,False,0,0,0,0,0,0,,Insufficient history
Customer_00021,7,2026-08-02,Standard,mid_value,11,89,27,20,75,75,100,80.0,,,1,1,,False,0,1,0,0,0,25,,Insufficient history
Customer_00021,7,2026-08-03,Standard,mid_value,7,114,21,36,100,75,75,87.5,,,1,1,,False,0,1,0,0,0,25,,Insufficient history
Customer_00021,7,2026-08-04,Standard,mid_value,13,112,13,49,100,75,75,87.5,,,1,1,,False,0,0,1,0,0,20,,Insufficient history
Customer_00021,7,2026-08-05,Standard,mid_value,7,93,18,49,75,75,75,75.0,,,1,1,,False,0,0,1,0,0,20,,Insufficient history
Customer_00022,8,2026-08-01,Standard,mid_value,13,92,8,35,75,100,75,82.5,,,0,0,,False,0,0,0,0,0,0,,Insufficient history
Customer_00022,8,2026-08-02,Standard,mid_value,13,84,22,43,75,75,75,75.0,,,1,1,,False,0,1,1,0,0,45,,Insufficient history
Customer_00022,8,2026-08-03,Standard,mid_value,12,91,0,22,75,100,100,87.5,,,1,1,,False,0,0,0,0,0,0,,Insufficient history
Customer_00022,8,2026-08-04,Standard,mid_value,12,103,7,37,100,100,75,95.0,,,1,1,,False,0,0,0,0,0,0,,Insufficient history
Customer_00022,8,2026-08-05,Standard,mid_value,12,90,6,48,75,100,75,82.5,,,1,1,,False,0,0,1,0,0,20,,Insufficient history
Customer_00023,1,2026-08-01,Standard,mid_value,5,114,12,42,100,75,75,87.5,,,1,1,,False,0,0,1,0,0,20,,Insufficient history
Customer_00023,1,2026-08-02,Standard,mid_value,14,118,20,26,100,75,100,92.5,,,1,1,,False,0,0,0,0,0,0,,Insufficient history
Customer_00023,1,2026-08-03,Standard,mid_value,5,119,17,38,100,75,75,87.5,,,1,1,,False,0,0,0,0,0,0,,Insufficient history
Customer_00023,1,2026-08-04,Standard,mid_value,9,94,4,20,75,100,100,87.5,,,1,1,,False,0,0,0,0,0,0,,Insufficient history
Customer_00023,1,2026-08-05,Standard,mid_value,13,98,8,35,75,100,75,82.5,,,1,1,,False,0,0,0,0,0,0,,Insufficient history
Customer_00024,1,2026-08-01,Basic,low_value,2,41,7,36,50,100,75,70.0,,,0,0,,False,0,0,0,0,0,0,,Insufficient history
Customer_00024,1,2026-08-02,Basic,low_value,1,45,12,29,50,75,100,67.5,,,0,0,,False,0,0,0,0,0,0,,Insufficient history
Customer_00024,1,2026-08-03,Basic,low_value,4,42,29,25,50,75,100,67.5,,,0,0,,False,0,1,0,0,0,25,,Insufficient history
Customer_00024,1,2026-08-04,Basic,low_value,5,51,16,20,75,75,100,80.0,,,0,0,,False,0,0,0,0,0,0,,Insufficient history
Customer_00024,1,2026-08-05,Basic,low_value,4,55,11,34,75,75,75,75.0,,,0,0,,False,0,0,0,0,0,0,,Insufficient history
Customer_00025,6,2026-08-01,Free,free_plan,1,29,4,14,50,100,100,75.0,,,0,0,,False,0,0,0,0,0,0,,Insufficient history
Customer_00025,6,2026-08-02,Free,free_plan,1,22,14,36,50,75,75,62.5,,,0,0,,False,0,0,0,0,0,0,,Insufficient history
Customer_00025,6,2026-08-03,Free,free_plan,1,28,29,24,50,75,100,67.5,,,0,0,,False,0,1,0,0,0,25,,Insufficient history
Customer_00025,6,2026-08-04,Free,free_plan,0,21,16,45,50,75,75,62.5,,,0,0,,False,0,0,1,0,0,20,,Insufficient history
Customer_00025,6,2026-08-05,Free,free_plan,0,20,25,14,50,75,100,67.5,,,0,0,,False,0,1,0,0,0,25,,Insufficient history
Customer_00026,2,2026-08-01,Standard,mid_value,13,98,5,12,75,100,100,87.5,,,0,0,,False,0,0,0,0,0,0,,Insufficient history
Customer_00026,2,2026-08-02,Standard,mid_value,9,81,27,42,75,75,75,75.0,,,0,0,,False,0,1,1,0,0,45,,Insufficient history
Customer_00026,2,2026-08-03,Standard,mid_value,7,117,5,41,100,100,75,95.0,,,0,0,,False,0,0,1,0,0,20,,Insufficient history
Customer_00026,2,2026-08-04,Standard,mid_value,10,108,27,13,100,75,100,92.5,,,0,0,,False,0,1,0,0,0,25,,Insufficient history
Customer_00026,2,2026-08-05,Standard,mid_value,13,84,15,17,75,75,100,80.0,,,0,0,,False,0,0,0,0,0,0,,Insufficient history
Customer_00027,5,2026-08-01,Standard,mid_value,6,109,18,11,100,75,100,92.5,,,0,0,,False,0,0,0,0,0,0,,Insufficient history
Customer_00027,5,2026-08-02,Standard,mid_value,14,92,12,16,75,75,100,80.0,,,0,0,,False,0,0,0,0,0,0,,Insufficient history
Customer_00027,5,2026-08-03,Standard,mid_value,9,106,10,12,100,100,100,100.0,,,0,0,,False,0,0,0,0,0,0,,Insufficient history
Customer_00027,5,2026-08-04,Standard,mid_value,6,113,26,50,100,75,75,87.5,,,1,1,,False,0,1,1,0,0,45,,Insufficient history
Customer_00027,5,2026-08-05,Standard,mid_value,14,106,15,18,100,75,100,92.5,,,1,1,,False,0,0,0,0,0,0,,Insufficient history
Customer_00028,4,2026-08-01,Premium,high_value,22,198,27,34,100,75,75,87.5,,,0,0,,False,0,1,0,0,0,25,,Insufficient history
Customer_00028,4,2026-08-02,Premium,high_value,24,205,14,18,100,75,100,92.5,,,0,0,,False,0,0,0,0,0,0,,Insufficient history
Customer_00028,4,2026-08-03,Premium,high_value,17,181,20,43,100,75,75,87.5,,,0,0,,False,0,0,1,0,0,20,,Insufficient history
Customer_00028,4,2026-08-04,Premium,high_value,25,164,19,12,100,75,100,92.5,,,0,0,,False,0,0,0,0,0,0,,Insufficient history
Customer_00028,4,2026-08-05,Premium,high_value,21,153,24,29,100,75,100,92.5,,,0,0,,False,0,1,0,0,0,25,,Insufficient history
Customer_00029,3,2026-08-01,Premium,high_value,15,227,15,45,100,75,75,87.5,,,1,1,,False,0,0,1,0,0,20,,Insufficient history
Customer_00029,3,2026-08-02,Premium,high_value,25,208,5,30,100,100,100,100.0,,,1,1,,False,0,0,0,0,0,0,,Insufficient history
Customer_00029,3,2026-08-03,Premium,high_value,11,193,1,20,100,100,100,100.0,,,1,1,,False,0,0,0,0,0,0,,Insufficient history
Customer_00029,3,2026-08-04,Premium,high_value,16,157,3,43,100,100,75,95.0,,,1,1,,False,0,0,1,0,0,20,,Insufficient history
Customer_00029,3,2026-08-05,Premium,high_value,12,219,13,14,100,75,100,92.5,,,1,1,,False,0,0,0,0,0,0,,Insufficient history
Customer_00030,6,2026-08-01,Standard,mid_value,10,118,12,44,100,75,75,87.5,,,0,0,,False,0,0,1,0,0,20,,Insufficient history
Customer_00030,6,2026-08-02,Standard,mid_value,12,99,12,30,75,75,100,80.0,,,0,0,,False,0,0,0,0,0,0,,Insufficient history
Customer_00030,6,2026-08-03,Standard,mid_value,13,92,28,18,75,75,100,80.0,,,1,1,,False,0,1,0,0,0,25,,Insufficient history
Customer_00030,6,2026-08-04,Standard,mid_value,15,102,19,43,100,75,75,87.5,,,1,1,,False,0,0,1,0,0,20,,Insufficient history
Customer_00030,6,2026-08-05,Standard,mid_value,13,111,26,46,100,75,75,87.5,,,1,1,,False,0,1,1,0,0,45,,Insufficient history
Customer_00031,2,2026-08-01,Standard,mid_value,12,91,22,35,75,75,75,75.0,,,0,0,,False,0,1,0,0,0,25,,Insufficient history
Customer_00031,2,2026-08-02,Standard,mid_value,9,89,7,41,75,100,75,82.5,,,0,0,,False,0,0,1,0,0,20,,Insufficient history
Customer_00031,2,2026-08-03,Standard,mid_value,5,103,19,36,100,75,75,87.5,,,0,0,,False,0,0,0,0,0,0,,Insufficient history
Customer_00031,2,2026-08-04,Standard,mid_value,11,107,27,35,100,75,75,87.5,,,0,0,,False,0,1,0,0,0,25,,Insufficient history
Customer_00031,2,2026-08-05,Standard,mid_value,6,91,25,35,75,75,75,75.0,,,0,0,,False,0,1,0,0,0,25,,Insufficient history
Customer_00032,2,2026-08-01,Standard,mid_value,5,93,29,15,75,75,100,80.0,,,0,0,,False,0,1,0,0,0,25,,Insufficient history
Customer_00032,2,2026-08-02,Standard,mid_value,15,91,23,36,75,75,75,75.0,,,0,0,,False,0,1,0,0,0,25,,Insufficient history
Customer_00032,2,2026-08-03,Standard,mid_value,11,84,27,15,75,75,100,80.0,,,0,0,,False,0,1,0,0,0,25,,Insufficient history
Customer_00032,2,2026-08-04,Standard,mid_value,12,120,22,47,100,75,75,87.5,,,0,0,,False,0,1,1,0,0,45,,Insufficient history
Customer_00032,2,2026-08-05,Standard,mid_value,7,111,13,28,100,75,100,92.5,,,0,0,,False,0,0,0,0,0,0,,Insufficient history
Customer_00033,3,2026-08-01,Basic,low_value,5,43,18,22,50,75,100,67.5,,,0,0,,False,0,0,0,0,0,0,,Insufficient history
Customer_00033,3,2026-08-02,Basic,low_value,3,58,2,22,75,100,100,87.5,,,0,0,,False,0,0,0,0,0,0,,Insufficient history
Customer_00033,3,2026-08-03,Basic,low_value,1,53,6,15,75,100,100,87.5,,,0,0,,False,0,0,0,0,0,0,,Insufficient history
Customer_00033,3,2026-08-04,Basic,low_value,3,60,11,16,75,75,100,80.0,,,0,0,,False,0,0,0,0,0,0,,Insufficient history
Customer_00033,3,2026-08-05,Basic,low_value,3,46,23,33,50,75,75,62.5,,,1,1,,False,0,1,0,0,0,25,,Insufficient history
Customer_00034,2,2026-08-01,Basic,low_value,3,51,19,47,75,75,75,75.0,,,1,1,,False,0,0,1,0,0,20,,Insufficient history
Customer_00034,2,2026-08-02,Basic,low_value,2,48,12,37,50,75,75,62.5,,,1,1,,False,0,0,0,0,0,0,,Insufficient history
Customer_00034,2,2026-08-03,Basic,low_value,3,43,18,28,50,75,100,67.5,,,1,1,,False,0,0,0,0,0,0,,Insufficient history
Customer_00034,2,2026-08-04,Basic,low_value,2,55,12,23,75,75,100,80.0,,,1,1,,False,0,0,0,0,0,0,,Insufficient history
Customer_00034,2,2026-08-05,Basic,low_value,4,44,6,41,50,100,75,70.0,,,1,1,,False,0,0,1,0,0,20,,Insufficient history
Customer_00035,3,2026-08-01,Premium,high_value,15,159,4,42,100,100,75,95.0,,,0,0,,False,0,0,1,0,0,20,,Insufficient history
Customer_00035,3,2026-08-02,Premium,high_value,21,225,14,19,100,75,100,92.5,,,0,0,,False,0,0,0,0,0,0,,Insufficient history
Customer_00035,3,2026-08-03,Premium,high_value,11,163,11,21,100,75,100,92.5,,,0,0,,False,0,0,0,0,0,0,,Insufficient history
Customer_00035,3,2026-08-04,Premium,high_value,18,165,9,36,100,100,75,95.0,,,0,0,,False,0,0,0,0,0,0,,Insufficient history
Customer_00035,3,2026-08-05,Premium,high_value,18,184,22,47,100,75,75,87.5,,,0,0,,False,0,1,1,0,0,45,,Insufficient history
Customer_00036,5,2026-08-01,Standard,mid_value,9,91,20,32,75,75,75,75.0,,,0,0,,False,0,0,0,0,0,0,,Insufficient history
Customer_00036,5,2026-08-02,Standard,mid_value,13,112,27,24,100,75,100,92.5,,,1,1,,False,0,1,0,0,0,25,,Insufficient history
Customer_00036,5,2026-08-03,Standard,mid_value,15,85,1,25,75,100,100,87.5,,,1,1,,False,0,0,0,0,0,0,,Insufficient history
Customer_00036,5,2026-08-04,Standard,mid_value,12,106,2,19,100,100,100,100.0,,,1,1,,False,0,0,0,0,0,0,,Insufficient history
Customer_00036,5,2026-08-05,Standard,mid_value,14,112,19,25,100,75,100,92.5,,,1,1,,False,0,0,0,0,0,0,,Insufficient history
Customer_00037,5,2026-08-01,Standard,mid_value,13,113,9,41,100,100,75,95.0,,,0,0,,False,0,0,1,0,0,20,,Insufficient history
Customer_00037,5,2026-08-02,Standard,mid_value,9,101,20,27,100,75,100,92.5,,,0,0,,False,0,0,0,0,0,0,,Insufficient history
Customer_00037,5,2026-08-03,Standard,mid_value,10,92,11,30,75,75,100,80.0,,,0,0,,False,0,0,0,0,0,0,,Insufficient history
Customer_00037,5,2026-08-04,Standard,mid_value,8,89,11,29,75,75,100,80.0,,,0,0,,False,0,0,0,0,0,0,,Insufficient history
Customer_00037,5,2026-08-05,Standard,mid_value,5,82,9,43,75,100,75,82.5,,,0,0,,False,0,0,1,0,0,20,,Insufficient history
Customer_00038,4,2026-08-01,Standard,mid_value,8,107,16,24,100,75,100,92.5,,,0,0,,False,0,0,0,0,0,0,,Insufficient history
Customer_00038,4,2026-08-02,Standard,mid_value,11,100,21,49,100,75,75,87.5,,,0,0,,False,0,1,1,0,0,45,,Insufficient history
Customer_00038,4,2026-08-03,Standard,mid_value,6,107,23,28,100,75,100,92.5,,,1,1,,False,0,1,0,0,0,25,,Insufficient history
Customer_00038,4,2026-08-04,Standard,mid_value,12,100,6,42,100,100,75,95.0,,,1,1,,False,0,0,1,0,0,20,,Insufficient history
Customer_00038,4,2026-08-05,Standard,mid_value,13,109,14,48,100,75,75,87.5,,,1,1,,False,0,0,1,0,0,20,,Insufficient history
Customer_00039,1,2026-08-01,Standard,mid_value,9,92,4,34,75,100,75,82.5,,,0,0,,False,0,0,0,0,0,0,,Insufficient history
Customer_00039,1,2026-08-02,Standard,mid_value,14,85,21,33,75,75,75,75.0,,,1,1,,False,0,1,0,0,0,25,,Insufficient history
Customer_00039,1,2026-08-03,Standard,mid_value,9,117,11,32,100,75,75,87.5,,,1,1,,False,0,0,0,0,0,0,,Insufficient history
Customer_00039,1,2026-08-04,Standard,mid_value,11,103,15,11,100,75,100,92.5,,,1,1,,False,0,0,0,0,0,0,,Insufficient history
Customer_00039,1,2026-08-05,Standard,mid_value,10,118,10,36,100,100,75,95.0,,,1,1,,False,0,0,0,0,0,0,,Insufficient history
Customer_00040,9,2026-08-01,Standard,mid_value,9,81,17,41,75,75,75,75.0,,,0,0,,False,0,0,1,0,0,20,,Insufficient history
Customer_00040,9,2026-08-02,Standard,mid_value,7,120,30,31,100,75,75,87.5,,,1,1,,False,0,1,0,0,0,25,,Insufficient history
Customer_00040,9,2026-08-03,Standard,mid_value,8,81,23,24,75,75,100,80.0,,,1,1,,False,0,1,0,0,0,25,,Insufficient history
Customer_00040,9,2026-08-04,Standard,mid_value,7,92,1,19,75,100,100,87.5,,,1,1,,False,0,0,0,0,0,0,,Insufficient history
Customer_00040,9,2026-08-05,Standard,mid_value,12,103,20,10,100,75,100,92.5,,,1,1,,False,0,0,0,0,0,0,,Insufficient history
Customer_00041,8,2026-08-01,Standard,mid_value,11,114,15,21,100,75,100,92.5,,,0,0,,False,0,0,0,0,0,0,,Insufficient history
Customer_00041,8,2026-08-02,Standard,mid_value,6,116,15,25,100,75,100,92.5,,,0,0,,False,0,0,0,0,0,0,,Insufficient history
Customer_00041,8,2026-08-03,Standard,mid_value,14,114,19,31,100,75,75,87.5,,,0,0,,False,0,0,0,0,0,0,,Insufficient history
Customer_00041,8,2026-08-04,Standard,mid_value,14,111,14,49,100,75,75,87.5,,,0,0,,False,0,0,1,0,0,20,,Insufficient history
Customer_00041,8,2026-08-05,Standard,mid_value,11,111,30,42,100,75,75,87.5,,,0,0,,False,0,1,1,0,0,45,,Insufficient history
Customer_00042,8,2026-08-01,Premium,high_value,14,163,1,41,100,100,75,95.0,,,0,0,,False,0,0,1,0,0,20,,Insufficient history
Customer_00042,8,2026-08-02,Premium,high_value,24,160,20,45,100,75,75,87.5,,,1,1,,False,0,0,1,0,0,20,,Insufficient history
Customer_00042,8,2026-08-03,Premium,high_value,11,154,8,16,100,100,100,100.0,,,1,1,,False,0,0,0,0,0,0,,Insufficient history
Customer_00042,8,2026-08-04,Premium,high_value,19,224,8,41,100,100,75,95.0,,,1,1,,False,0,0,1,0,0,20,,Insufficient history
Customer_00042,8,2026-08-05,Premium,high_value,11,195,4,35,100,100,75,95.0,,,1,1,,False,0,0,0,0,0,0,,Insufficient history
Customer_00043,5,2026-08-01,Standard,mid_value,10,92,18,39,75,75,75,75.0,,,0,0,,False,0,0,0,0,0,0,,Insufficient history
Customer_00043,5,2026-08-02,Standard,mid_value,7,96,13,25,75,75,100,80.0,,,0,0,,False,0,0,0,0,0,0,,Insufficient history
Customer_00043,5,2026-08-03,Standard,mid_value,7,99,14,44,75,75,75,75.0,,,0,0,,False,0,0,1,0,0,20,,Insufficient history
Customer_00043,5,2026-08-04,Standard,mid_value,9,111,30,41,100,75,75,87.5,,,1,1,,False,0,1,1,0,0,45,,Insufficient history
Customer_00043,5,2026-08-05,Standard,mid_value,7,113,28,39,100,75,75,87.5,,,1,1,,False,0,1,0,0,0,25,,Insufficient history
Customer_00044,1,2026-08-01,Premium,high_value,16,177,22,39,100,75,75,87.5,,,1,1,,False,0,1,0,0,0,25,,Insufficient history
Customer_00044,1,2026-08-02,Premium,high_value,23,236,7,13,100,100,100,100.0,,,1,1,,False,0,0,0,0,0,0,,Insufficient history
Customer_00044,1,2026-08-03,Premium,high_value,18,152,6,40,100,100,75,95.0,,,1,1,,False,0,0,0,0,0,0,,Insufficient history
Customer_00044,1,2026-08-04,Premium,high_value,20,153,13,31,100,75,75,87.5,,,1,1,,False,0,0,0,0,0,0,,Insufficient history
Customer_00044,1,2026-08-05,Premium,high_value,22,181,4,45,100,100,75,95.0,,,1,1,,False,0,0,1,0,0,20,,Insufficient history
Customer_00045,8,2026-08-01,Standard,mid_value,13,91,4,38,75,100,75,82.5,,,0,0,,False,0,0,0,0,0,0,,Insufficient history
Customer_00045,8,2026-08-02,Standard,mid_value,15,101,16,33,100,75,75,87.5,,,0,0,,False,0,0,0,0,0,0,,Insufficient history
Customer_00045,8,2026-08-03,Standard,mid_value,7,87,23,46,75,75,75,75.0,,,1,1,,False,0,1,1,0,0,45,,Insufficient history
Customer_00045,8,2026-08-04,Standard,mid_value,6,92,15,21,75,75,100,80.0,,,1,1,,False,0,0,0,0,0,0,,Insufficient history
Customer_00045,8,2026-08-05,Standard,mid_value,9,114,7,15,100,100,100,100.0,,,1,1,,False,0,0,0,0,0,0,,Insufficient history
Customer_00046,4,2026-08-01,Premium,high_value,20,240,11,41,100,75,75,87.5,,,0,0,,False,0,0,1,0,0,20,,Insufficient history
Customer_00046,4,2026-08-02,Premium,high_value,10,229,8,35,100,100,75,95.0,,,0,0,,False,0,0,0,0,0,0,,Insufficient history
Customer_00046,4,2026-08-03,Premium,high_value,22,150,27,31,100,75,75,87.5,,,0,0,,False,0,1,0,0,0,25,,Insufficient history
Customer_00046,4,2026-08-04,Premium,high_value,18,231,29,11,100,75,100,92.5,,,0,0,,False,0,1,0,0,0,25,,Insufficient history
Customer_00046,4,2026-08-05,Premium,high_value,11,229,5,35,100,100,75,95.0,,,0,0,,False,0,0,0,0,0,0,,Insufficient history
Customer_00047,9,2026-08-01,Standard,mid_value,7,119,24,24,100,75,100,92.5,,,1,1,,False,0,1,0,0,0,25,,Insufficient history
Customer_00047,9,2026-08-02,Standard,mid_value,15,83,1,31,75,100,75,82.5,,,1,1,,False,0,0,0,0,0,0,,Insufficient history
Customer_00047,9,2026-08-03,Standard,mid_value,11,116,1,49,100,100,75,95.0,,,1,1,,False,0,0,1,0,0,20,,Insufficient history
Customer_00047,9,2026-08-04,Standard,mid_value,11,110,18,47,100,75,75,87.5,,,1,1,,False,0,0,1,0,0,20,,Insufficient history
Customer_00047,9,2026-08-05,Standard,mid_value,14,114,15,11,100,75,100,92.5,,,1,1,,False,0,0,0,0,0,0,,Insufficient history
Customer_00048,1,2026-08-01,Basic,low_value,4,46,30,43,50,75,75,62.5,,,0,0,,False,0,1,1,0,0,45,,Insufficient history
Customer_00048,1,2026-08-02,Basic,low_value,3,49,26,22,50,75,100,67.5,,,0,0,,False,0,1,0,0,0,25,,Insufficient history
Customer_00048,1,2026-08-03,Basic,low_value,4,50,3,11,75,100,100,87.5,,,0,0,,False,0,0,0,0,0,0,,Insufficient history
Customer_00048,1,2026-08-04,Basic,low_value,3,54,9,17,75,100,100,87.5,,,0,0,,False,0,0,0,0,0,0,,Insufficient history
Customer_00048,1,2026-08-05,Basic,low_value,3,41,13,29,50,75,100,67.5,,,0,0,,False,0,0,0,0,0,0,,Insufficient history
Customer_00049,1,2026-08-01,Premium,high_value,10,168,25,29,100,75,100,92.5,,,0,0,,False,0,1,0,0,0,25,,Insufficient history
Customer_00049,1,2026-08-02,Premium,high_value,12,155,28,10,100,75,100,92.5,,,0,0,,False,0,1,0,0,0,25,,Insufficient history
Customer_00049,1,2026-08-03,Premium,high_value,14,208,7,21,100,100,100,100.0,,,0,0,,False,0,0,0,0,0,0,,Insufficient history
Customer_00049,1,2026-08-04,Premium,high_value,21,159,11,44,100,75,75,87.5,,,0,0,,False,0,0,1,0,0,20,,Insufficient history
Customer_00049,1,2026-08-05,Premium,high_value,18,207,29,31,100,75,75,87.5,,,0,0,,False,0,1,0,0,0,25,,Insufficient history
Customer_00050,7,2026-08-01,Premium,high_value,25,154,16,35,100,75,75,87.5,,,0,0,,False,0,0,0,0,0,0,,Insufficient history
Customer_00050,7,2026-08-02,Premium,high_value,13,177,28,46,100,75,75,87.5,,,1,1,,False,0,1,1,0,0,45,,Insufficient history
Customer_00050,7,2026-08-03,Premium,high_value,11,211,18,49,100,75,75,87.5,,,1,1,,False,0,0,1,0,0,20,,Insufficient history
Customer_00050,7,2026-08-04,Premium,high_value,19,220,28,45,100,75,75,87.5,,,1,1,,False,0,1,1,0,0,45,,Insufficient history
Customer_00050,7,2026-08-05,Premium,high_value,13,176,24,35,100,75,75,87.5,,,1,1,,False,0,1,0,0,0,25,,Insufficient history
Customer_00051,8,2026-08-01,Standard,mid_value,15,97,25,11,75,75,100,80.0,,,0,0,,False,0,1,0,0,0,25,,Insufficient history
Customer_00051,8,2026-08-02,Standard,mid_value,5,86,28,47,75,75,75,75.0,,,1,1,,False,0,1,1,0,0,45,,Insufficient history
Customer_00051,8,2026-08-03,Standard,mid_value,14,112,24,34,100,75,75,87.5,,,1,1,,False,0,1,0,0,0,25,,Insufficient history
Customer_00051,8,2026-08-04,Standard,mid_value,7,88,25,35,75,75,75,75.0,,,1,1,,False,0,1,0,0,0,25,,Insufficient history
Customer_00051,8,2026-08-05,Standard,mid_value,8,104,19,13,100,75,100,92.5,,,1,1,,False,0,0,0,0,0,0,,Insufficient history
Customer_00052,3,2026-08-01,Standard,mid_value,11,89,16,38,75,75,75,75.0,,,0,0,,False,0,0,0,0,0,0,,Insufficient history
Customer_00052,3,2026-08-02,Standard,mid_value,10,114,8,18,100,100,100,100.0,,,0,0,,False,0,0,0,0,0,0,,Insufficient history
Customer_00052,3,2026-08-03,Standard,mid_value,10,91,12,22,75,75,100,80.0,,,0,0,,False,0,0,0,0,0,0,,Insufficient history
Customer_00052,3,2026-08-04,Standard,mid_value,11,120,1,32,100,100,75,95.0,,,0,0,,False,0,0,0,0,0,0,,Insufficient history
Customer_00052,3,2026-08-05,Standard,mid_value,13,96,14,45,75,75,75,75.0,,,1,1,,False,0,0,1,0,0,20,,Insufficient history
Customer_00053,2,2026-08-01,Premium,high_value,19,161,6,36,100,100,75,95.0,,,0,0,,False,0,0,0,0,0,0,,Insufficient history
Customer_00053,2,2026-08-02,Premium,high_value,19,230,21,25,100,75,100,92.5,,,0,0,,False,0,1,0,0,0,25,,Insufficient history
Customer_00053,2,2026-08-03,Premium,high_value,12,235,17,37,100,75,75,87.5,,,0,0,,False,0,0,0,0,0,0,,Insufficient history
Customer_00053,2,2026-08-04,Premium,high_value,14,190,16,33,100,75,75,87.5,,,0,0,,False,0,0,0,0,0,0,,Insufficient history
Customer_00053,2,2026-08-05,Premium,high_value,23,157,26,45,100,75,75,87.5,,,1,1,,False,0,1,1,0,0,45,,Insufficient history
Customer_00054,7,2026-08-01,Basic,low_value,2,50,15,39,75,75,75,75.0,,,0,0,,False,0,0,0,0,0,0,,Insufficient history
Customer_00054,7,2026-08-02,Basic,low_value,4,49,12,50,50,75,75,62.5,,,0,0,,False,0,0,1,0,0,20,,Insufficient history
Customer_00054,7,2026-08-03,Basic,low_value,2,43,25,11,50,75,100,67.5,,,0,0,,False,0,1,0,0,0,25,,Insufficient history
Customer_00054,7,2026-08-04,Basic,low_value,1,59,28,35,75,75,75,75.0,,,0,0,,False,0,1,0,0,0,25,,Insufficient history
Customer_00054,7,2026-08-05,Basic,low_value,5,45,25,20,50,75,100,67.5,,,0,0,,False,0,1,0,0,0,25,,Insufficient history
Customer_00055,9,2026-08-01,Basic,low_value,4,47,19,24,50,75,100,67.5,,,0,0,,False,0,0,0,0,0,0,,Insufficient history
Customer_00055,9,2026-08-02,Basic,low_value,1,60,22,45,75,75,75,75.0,,,0,0,,False,0,1,1,0,0,45,,Insufficient history
Customer_00055,9,2026-08-03,Basic,low_value,4,45,29,47,50,75,75,62.5,,,1,1,,False,0,1,1,0,0,45,,Insufficient history
Customer_00055,9,2026-08-04,Basic,low_value,3,60,25,10,75,75,100,80.0,,,1,1,,False,0,1,0,0,0,25,,Insufficient history
Customer_00055,9,2026-08-05,Basic,low_value,4,56,1,41,75,100,75,82.5,,,1,1,,False,0,0,1,0,0,20,,Insufficient history
Customer_00056,6,2026-08-01,Standard,mid_value,8,83,30,13,75,75,100,80.0,,,1,1,,False,0,1,0,0,0,25,,Insufficient history
Customer_00056,6,2026-08-02,Standard,mid_value,9,113,2,41,100,100,75,95.0,,,1,1,,False,0,0,1,0,0,20,,Insufficient history
Customer_00056,6,2026-08-03,Standard,mid_value,7,85,3,49,75,100,75,82.5,,,1,1,,False,0,0,1,0,0,20,,Insufficient history
Customer_00056,6,2026-08-04,Standard,mid_value,15,84,3,29,75,100,100,87.5,,,1,1,,False,0,0,0,0,0,0,,Insufficient history
Customer_00056,6,2026-08-05,Standard,mid_value,13,116,16,45,100,75,75,87.5,,,1,1,,False,0,0,1,0,0,20,,Insufficient history
Customer_00057,10,2026-08-01,Premium,high_value,15,217,17,30,100,75,100,92.5,,,0,0,,False,0,0,0,0,0,0,,Insufficient history
Customer_00057,10,2026-08-02,Premium,high_value,19,244,7,11,100,100,100,100.0,,,0,0,,False,0,0,0,0,0,0,,Insufficient history
Customer_00057,10,2026-08-03,Premium,high_value,17,233,28,47,100,75,75,87.5,,,1,1,,False,0,1,1,0,0,45,,Insufficient history
Customer_00057,10,2026-08-04,Premium,high_value,14,187,10,15,100,100,100,100.0,,,1,1,,False,0,0,0,0,0,0,,Insufficient history
Customer_00057,10,2026-08-05,Premium,high_value,16,234,25,42,100,75,75,87.5,,,1,1,,False,0,1,1,0,0,45,,Insufficient history
Customer_00058,6,2026-08-01,Standard,mid_value,6,92,16,41,75,75,75,75.0,,,0,0,,False,0,0,1,0,0,20,,Insufficient history
Customer_00058,6,2026-08-02,Standard,mid_value,9,118,29,18,100,75,100,92.5,,,1,1,,False,0,1,0,0,0,25,,Insufficient history
Customer_00058,6,2026-08-03,Standard,mid_value,12,92,3,26,75,100,100,87.5,,,1,1,,False,0,0,0,0,0,0,,Insufficient history
Customer_00058,6,2026-08-04,Standard,mid_value,11,81,20,12,75,75,100,80.0,,,1,1,,False,0,0,0,0,0,0,,Insufficient history
Customer_00058,6,2026-08-05,Standard,mid_value,14,81,21,20,75,75,100,80.0,,,1,1,,False,0,1,0,0,0,25,,Insufficient history
Customer_00059,2,2026-08-01,Standard,mid_value,9,112,25,39,100,75,75,87.5,,,1,1,,False,0,1,0,0,0,25,,Insufficient history
Customer_00059,2,2026-08-02,Standard,mid_value,6,86,4,14,75,100,100,87.5,,,1,1,,False,0,0,0,0,0,0,,Insufficient history
Customer_00059,2,2026-08-03,Standard,mid_value,14,85,19,36,75,75,75,75.0,,,1,1,,False,0,0,0,0,0,0,,Insufficient history
Customer_00059,2,2026-08-04,Standard,mid_value,14,86,18,29,75,75,100,80.0,,,1,1,,False,0,0,0,0,0,0,,Insufficient history
Customer_00059,2,2026-08-05,Standard,mid_value,12,91,25,16,75,75,100,80.0,,,1,1,,False,0,1,0,0,0,25,,Insufficient history
Customer_00060,6,2026-08-01,Standard,mid_value,12,81,24,18,75,75,100,80.0,,,0,0,,False,0,1,0,0,0,25,,Insufficient history
Customer_00060,6,2026-08-02,Standard,mid_value,15,95,2,38,75,100,75,82.5,,,0,0,,False,0,0,0,0,0,0,,Insufficient history
Customer_00060,6,2026-08-03,Standard,mid_value,8,107,28,36,100,75,75,87.5,,,0,0,,False,0,1,0,0,0,25,,Insufficient history
Customer_00060,6,2026-08-04,Standard,mid_value,13,90,28,14,75,75,100,80.0,,,0,0,,False,0,1,0,0,0,25,,Insufficient history
Customer_00060,6,2026-08-05,Standard,mid_value,6,82,7,16,75,100,100,87.5,,,0,0,,False,0,0,0,0,0,0,,Insufficient history
Customer_00061,6,2026-08-01,Standard,mid_value,12,104,6,38,100,100,75,95.0,,,0,0,,False,0,0,0,0,0,0,,Insufficient history
Customer_00061,6,2026-08-02,Standard,mid_value,6,99,0,33,75,100,75,82.5,,,0,0,,False,0,0,0,0,0,0,,Insufficient history
Customer_00061,6,2026-08-03,Standard,mid_value,10,92,13,29,75,75,100,80.0,,,0,0,,False,0,0,0,0,0,0,,Insufficient history
Customer_00061,6,2026-08-04,Standard,mid_value,8,90,3,21,75,100,100,87.5,,,0,0,,False,0,0,0,0,0,0,,Insufficient history
Customer_00061,6,2026-08-05,Standard,mid_value,14,93,3,25,75,100,100,87.5,,,0,0,,False,0,0,0,0,0,0,,Insufficient history
Customer_00062,2,2026-08-01,Standard,mid_value,9,117,13,50,100,75,75,87.5,,,0,0,,False,0,0,1,0,0,20,,Insufficient history
Customer_00062,2,2026-08-02,Standard,mid_value,10,101,25,47,100,75,75,87.5,,,0,0,,False,0,1,1,0,0,45,,Insufficient history
Customer_00062,2,2026-08-03,Standard,mid_value,7,93,14,49,75,75,75,75.0,,,0,0,,False,0,0,1,0,0,20,,Insufficient history
Customer_00062,2,2026-08-04,Standard,mid_value,6,113,18,28,100,75,100,92.5,,,0,0,,False,0,0,0,0,0,0,,Insufficient history
Customer_00062,2,2026-08-05,Standard,mid_value,13,107,15,35,100,75,75,87.5,,,0,0,,False,0,0,0,0,0,0,,Insufficient history
Customer_00063,4,2026-08-01,Standard,mid_value,8,89,26,36,75,75,75,75.0,,,0,0,,False,0,1,0,0,0,25,,Insufficient history
Customer_00063,4,2026-08-02,Standard,mid_value,10,83,24,43,75,75,75,75.0,,,0,0,,False,0,1,1,0,0,45,,Insufficient history
Customer_00063,4,2026-08-03,Standard,mid_value,12,111,6,18,100,100,100,100.0,,,0,0,,False,0,0,0,0,0,0,,Insufficient history
Customer_00063,4,2026-08-04,Standard,mid_value,9,102,5,12,100,100,100,100.0,,,0,0,,False,0,0,0,0,0,0,,Insufficient history
Customer_00063,4,2026-08-05,Standard,mid_value,11,107,5,34,100,100,75,95.0,,,0,0,,False,0,0,0,0,0,0,,Insufficient history
Customer_00064,10,2026-08-01,Basic,low_value,2,58,2,23,75,100,100,87.5,,,0,0,,False,0,0,0,0,0,0,,Insufficient history
Customer_00064,10,2026-08-02,Basic,low_value,1,59,4,26,75,100,100,87.5,,,0,0,,False,0,0,0,0,0,0,,Insufficient history
Customer_00064,10,2026-08-03,Basic,low_value,2,41,18,13,50,75,100,67.5,,,0,0,,False,0,0,0,0,0,0,,Insufficient history
Customer_00064,10,2026-08-04,Basic,low_value,1,41,14,20,50,75,100,67.5,,,0,0,,False,0,0,0,0,0,0,,Insufficient history
Customer_00064,10,2026-08-05,Basic,low_value,1,44,23,20,50,75,100,67.5,,,1,1,,False,0,1,0,0,0,25,,Insufficient history
Customer_00065,3,2026-08-01,Standard,mid_value,14,83,2,37,75,100,75,82.5,,,0,0,,False,0,0,0,0,0,0,,Insufficient history
Customer_00065,3,2026-08-02,Standard,mid_value,6,100,28,30,100,75,100,92.5,,,1,1,,False,0,1,0,0,0,25,,Insufficient history
Customer_00065,3,2026-08-03,Standard,mid_value,9,111,8,41,100,100,75,95.0,,,1,1,,False,0,0,1,0,0,20,,Insufficient history
Customer_00065,3,2026-08-04,Standard,mid_value,15,106,15,38,100,75,75,87.5,,,1,1,,False,0,0,0,0,0,0,,Insufficient history
Customer_00065,3,2026-08-05,Standard,mid_value,13,115,11,46,100,75,75,87.5,,,1,1,,False,0,0,1,0,0,20,,Insufficient history
Customer_00066,5,2026-08-01,Standard,mid_value,11,82,20,46,75,75,75,75.0,,,0,0,,False,0,0,1,0,0,20,,Insufficient history
Customer_00066,5,2026-08-02,Standard,mid_value,11,109,17,17,100,75,100,92.5,,,0,0,,False,0,0,0,0,0,0,,Insufficient history
Customer_00066,5,2026-08-03,Standard,mid_value,11,119,26,21,100,75,100,92.5,,,1,1,,False,0,1,0,0,0,25,,Insufficient history
Customer_00066,5,2026-08-04,Standard,mid_value,7,106,9,42,100,100,75,95.0,,,1,1,,False,0,0,1,0,0,20,,Insufficient history
Customer_00066,5,2026-08-05,Standard,mid_value,7,117,10,45,100,100,75,95.0,,,1,1,,False,0,0,1,0,0,20,,Insufficient history
Customer_00067,5,2026-08-01,Basic,low_value,3,54,8,22,75,100,100,87.5,,,0,0,,False,0,0,0,0,0,0,,Insufficient history
Customer_00067,5,2026-08-02,Basic,low_value,2,57,28,26,75,75,100,80.0,,,1,1,,False,0,1,0,0,0,25,,Insufficient history
Customer_00067,5,2026-08-03,Basic,low_value,4,42,17,28,50,75,100,67.5,,,1,1,,False,0,0,0,0,0,0,,Insufficient history
Customer_00067,5,2026-08-04,Basic,low_value,3,50,3,46,75,100,75,82.5,,,1,1,,False,0,0,1,0,0,20,,Insufficient history
Customer_00067,5,2026-08-05,Basic,low_value,4,54,21,28,75,75,100,80.0,,,1,1,,False,0,1,0,0,0,25,,Insufficient history
Customer_00068,6,2026-08-01,Standard,mid_value,11,100,14,11,100,75,100,92.5,,,0,0,,False,0,0,0,0,0,0,,Insufficient history
Customer_00068,6,2026-08-02,Standard,mid_value,12,97,8,50,75,100,75,82.5,,,0,0,,False,0,0,1,0,0,20,,Insufficient history
Customer_00068,6,2026-08-03,Standard,mid_value,12,93,17,41,75,75,75,75.0,,,0,0,,False,0,0,1,0,0,20,,Insufficient history
Customer_00068,6,2026-08-04,Standard,mid_value,13,103,14,39,100,75,75,87.5,,,0,0,,False,0,0,0,0,0,0,,Insufficient history
Customer_00068,6,2026-08-05,Standard,mid_value,7,95,2,19,75,100,100,87.5,,,0,0,,False,0,0,0,0,0,0,,Insufficient history
Customer_00069,3,2026-08-01,Standard,mid_value,13,86,5,39,75,100,75,82.5,,,0,0,,False,0,0,0,0,0,0,,Insufficient history
Customer_00069,3,2026-08-02,Standard,mid_value,13,98,17,35,75,75,75,75.0,,,0,0,,False,0,0,0,0,0,0,,Insufficient history
Customer_00069,3,2026-08-03,Standard,mid_value,14,108,1,43,100,100,75,95.0,,,0,0,,False,0,0,1,0,0,20,,Insufficient history
Customer_00069,3,2026-08-04,Standard,mid_value,15,103,4,12,100,100,100,100.0,,,0,0,,False,0,0,0,0,0,0,,Insufficient history
Customer_00069,3,2026-08-05,Standard,mid_value,15,113,15,40,100,75,75,87.5,,,0,0,,False,0,0,0,0,0,0,,Insufficient history
Customer_00070,6,2026-08-01,Standard,mid_value,8,105,14,29,100,75,100,92.5,,,0,0,,False,0,0,0,0,0,0,,Insufficient history
Customer_00070,6,2026-08-02,Standard,mid_value,9,96,26,36,75,75,75,75.0,,,0,0,,False,0,1,0,0,0,25,,Insufficient history
Customer_00070,6,2026-08-03,Standard,mid_value,6,108,17,44,100,75,75,87.5,,,0,0,,False,0,0,1,0,0,20,,Insufficient history
Customer_00070,6,2026-08-04,Standard,mid_value,8,117,24,15,100,75,100,92.5,,,0,0,,False,0,1,0,0,0,25,,Insufficient history
Customer_00070,6,2026-08-05,Standard,mid_value,8,94,2,21,75,100,100,87.5,,,0,0,,False,0,0,0,0,0,0,,Insufficient history
Customer_00071,4,2026-08-01,Basic,low_value,4,57,23,16,75,75,100,80.0,,,0,0,,False,0,1,0,0,0,25,,Insufficient history
Customer_00071,4,2026-08-02,Basic,low_value,4,52,8,34,75,100,75,82.5,,,0,0,,False,0,0,0,0,0,0,,Insufficient history
Customer_00071,4,2026-08-03,Basic,low_value,3,55,16,18,75,75,100,80.0,,,0,0,,False,0,0,0,0,0,0,,Insufficient history
Customer_00071,4,2026-08-04,Basic,low_value,3,45,17,10,50,75,100,67.5,,,0,0,,False,0,0,0,0,0,0,,Insufficient history
Customer_00071,4,2026-08-05,Basic,low_value,1,53,12,40,75,75,75,75.0,,,0,0,,False,0,0,0,0,0,0,,Insufficient history
Customer_00072,5,2026-08-01,Premium,high_value,11,156,11,31,100,75,75,87.5,,,0,0,,False,0,0,0,0,0,0,,Insufficient history
Customer_00072,5,2026-08-02,Premium,high_value,23,179,3,37,100,100,75,95.0,,,0,0,,False,0,0,0,0,0,0,,Insufficient history
Customer_00072,5,2026-08-03,Premium,high_value,19,241,16,27,100,75,100,92.5,,,0,0,,False,0,0,0,0,0,0,,Insufficient history
Customer_00072,5,2026-08-04,Premium,high_value,24,200,9,42,100,100,75,95.0,,,0,0,,False,0,0,1,0,0,20,,Insufficient history
Customer_00072,5,2026-08-05,Premium,high_value,24,176,24,16,100,75,100,92.5,,,1,1,,False,0,1,0,0,0,25,,Insufficient history
Customer_00073,10,2026-08-01,Standard,mid_value,12,99,21,41,75,75,75,75.0,,,0,0,,False,0,1,1,0,0,45,,Insufficient history
Customer_00073,10,2026-08-02,Standard,mid_value,11,104,28,26,100,75,100,92.5,,,1,1,,False,0,1,0,0,0,25,,Insufficient history
Customer_00073,10,2026-08-03,Standard,mid_value,9,89,0,19,75,100,100,87.5,,,1,1,,False,0,0,0,0,0,0,,Insufficient history
Customer_00073,10,2026-08-04,Standard,mid_value,10,88,19,12,75,75,100,80.0,,,1,1,,False,0,0,0,0,0,0,,Insufficient history
Customer_00073,10,2026-08-05,Standard,mid_value,8,114,3,29,100,100,100,100.0,,,1,1,,False,0,0,0,0,0,0,,Insufficient history
Customer_00074,3,2026-08-01,Premium,high_value,19,229,25,27,100,75,100,92.5,,,1,1,,False,0,1,0,0,0,25,,Insufficient history
Customer_00074,3,2026-08-02,Premium,high_value,12,167,4,27,100,100,100,100.0,,,1,1,,False,0,0,0,0,0,0,,Insufficient history
Customer_00074,3,2026-08-03,Premium,high_value,24,211,9,45,100,100,75,95.0,,,1,1,,False,0,0,1,0,0,20,,Insufficient history
Customer_00074,3,2026-08-04,Premium,high_value,23,229,14,12,100,75,100,92.5,,,1,1,,False,0,0,0,0,0,0,,Insufficient history
Customer_00074,3,2026-08-05,Premium,high_value,22,231,8,20,100,100,100,100.0,,,1,1,,False,0,0,0,0,0,0,,Insufficient history
Customer_00075,7,2026-08-01,Standard,mid_value,6,105,3,46,100,100,75,95.0,,,0,0,,False,0,0,1,0,0,20,,Insufficient history
Customer_00075,7,2026-08-02,Standard,mid_value,11,108,30,27,100,75,100,92.5,,,0,0,,False,0,1,0,0,0,25,,Insufficient history
Customer_00075,7,2026-08-03,Standard,mid_value,14,80,28,33,75,75,75,75.0,,,0,0,,False,0,1,0,0,0,25,,Insufficient history
Customer_00075,7,2026-08-04,Standard,mid_value,7,82,23,38,75,75,75,75.0,,,0,0,,False,0,1,0,0,0,25,,Insufficient history
Customer_00075,7,2026-08-05,Standard,mid_value,12,100,7,50,100,100,75,95.0,,,0,0,,False,0,0,1,0,0,20,,Insufficient history
Customer_00076,8,2026-08-01,Standard,mid_value,7,83,17,46,75,75,75,75.0,,,1,1,,False,0,0,1,0,0,20,,Insufficient history
Customer_00076,8,2026-08-02,Standard,mid_value,10,80,19,31,75,75,75,75.0,,,1,1,,False,0,0,0,0,0,0,,Insufficient history
Customer_00076,8,2026-08-03,Standard,mid_value,13,112,14,45,100,75,75,87.5,,,1,1,,False,0,0,1,0,0,20,,Insufficient history
Customer_00076,8,2026-08-04,Standard,mid_value,5,112,8,18,100,100,100,100.0,,,1,1,,False,0,0,0,0,0,0,,Insufficient history
Customer_00076,8,2026-08-05,Standard,mid_value,11,93,9,48,75,100,75,82.5,,,1,1,,False,0,0,1,0,0,20,,Insufficient history
Customer_00077,5,2026-08-01,Standard,mid_value,7,87,11,35,75,75,75,75.0,,,0,0,,False,0,0,0,0,0,0,,Insufficient history
Customer_00077,5,2026-08-02,Standard,mid_value,8,104,11,39,100,75,75,87.5,,,0,0,,False,0,0,0,0,0,0,,Insufficient history
Customer_00077,5,2026-08-03,Standard,mid_value,8,111,14,10,100,75,100,92.5,,,0,0,,False,0,0,0,0,0,0,,Insufficient history
Customer_00077,5,2026-08-04,Standard,mid_value,9,94,22,46,75,75,75,75.0,,,1,1,,False,0,1,1,0,0,45,,Insufficient history
Customer_00077,5,2026-08-05,Standard,mid_value,7,101,8,32,100,100,75,95.0,,,1,1,,False,0,0,0,0,0,0,,Insufficient history
Customer_00078,9,2026-08-01,Premium,high_value,21,244,19,33,100,75,75,87.5,,,0,0,,False,0,0,0,0,0,0,,Insufficient history
Customer_00078,9,2026-08-02,Premium,high_value,22,170,21,49,100,75,75,87.5,,,0,0,,False,0,1,1,0,0,45,,Insufficient history
Customer_00078,9,2026-08-03,Premium,high_value,15,233,7,33,100,100,75,95.0,,,0,0,,False,0,0,0,0,0,0,,Insufficient history
Customer_00078,9,2026-08-04,Premium,high_value,21,235,6,10,100,100,100,100.0,,,0,0,,False,0,0,0,0,0,0,,Insufficient history
Customer_00078,9,2026-08-05,Premium,high_value,19,222,23,37,100,75,75,87.5,,,1,1,,False,0,1,0,0,0,25,,Insufficient history
Customer_00079,2,2026-08-01,Standard,mid_value,13,116,18,19,100,75,100,92.5,,,0,0,,False,0,0,0,0,0,0,,Insufficient history
Customer_00079,2,2026-08-02,Standard,mid_value,12,113,5,20,100,100,100,100.0,,,0,0,,False,0,0,0,0,0,0,,Insufficient history
Customer_00079,2,2026-08-03,Standard,mid_value,9,111,27,14,100,75,100,92.5,,,1,1,,False,0,1,0,0,0,25,,Insufficient history
Customer_00079,2,2026-08-04,Standard,mid_value,12,89,0,47,75,100,75,82.5,,,1,1,,False,0,0,1,0,0,20,,Insufficient history
Customer_00079,2,2026-08-05,Standard,mid_value,13,93,12,44,75,75,75,75.0,,,1,1,,False,0,0,1,0,0,20,,Insufficient history
Customer_00080,6,2026-08-01,Standard,mid_value,9,105,12,21,100,75,100,92.5,,,0,0,,False,0,0,0,0,0,0,,Insufficient history
Customer_00080,6,2026-08-02,Standard,mid_value,7,115,11,17,100,75,100,92.5,,,0,0,,False,0,0,0,0,0,0,,Insufficient history
Customer_00080,6,2026-08-03,Standard,mid_value,11,111,20,34,100,75,75,87.5,,,0,0,,False,0,0,0,0,0,0,,Insufficient history
Customer_00080,6,2026-08-04,Standard,mid_value,10,95,27,45,75,75,75,75.0,,,0,0,,False,0,1,1,0,0,45,,Insufficient history
Customer_00080,6,2026-08-05,Standard,mid_value,11,117,28,32,100,75,75,87.5,,,1,1,,False,0,1,0,0,0,25,,Insufficient history
Customer_00081,2,2026-08-01,Standard,mid_value,9,116,29,15,100,75,100,92.5,,,1,1,,False,0,1,0,0,0,25,,Insufficient history
Customer_00081,2,2026-08-02,Standard,mid_value,11,95,12,31,75,75,75,75.0,,,1,1,,False,0,0,0,0,0,0,,Insufficient history
Customer_00081,2,2026-08-03,Standard,mid_value,5,92,1,21,75,100,100,87.5,,,1,1,,False,0,0,0,0,0,0,,Insufficient history
Customer_00081,2,2026-08-04,Standard,mid_value,12,111,22,23,100,75,100,92.5,,,1,1,,False,0,1,0,0,0,25,,Insufficient history
Customer_00081,2,2026-08-05,Standard,mid_value,8,99,28,20,75,75,100,80.0,,,1,1,,False,0,1,0,0,0,25,,Insufficient history
Customer_00082,3,2026-08-01,Premium,high_value,16,187,22,45,100,75,75,87.5,,,0,0,,False,0,1,1,0,0,45,,Insufficient history
Customer_00082,3,2026-08-02,Premium,high_value,16,225,14,24,100,75,100,92.5,,,0,0,,False,0,0,0,0,0,0,,Insufficient history
Customer_00082,3,2026-08-03,Premium,high_value,20,219,21,31,100,75,75,87.5,,,0,0,,False,0,1,0,0,0,25,,Insufficient history
Customer_00082,3,2026-08-04,Premium,high_value,18,159,30,44,100,75,75,87.5,,,1,1,,False,0,1,1,0,0,45,,Insufficient history
Customer_00082,3,2026-08-05,Premium,high_value,19,182,8,18,100,100,100,100.0,,,1,1,,False,0,0,0,0,0,0,,Insufficient history
Customer_00083,7,2026-08-01,Standard,mid_value,8,95,23,32,75,75,75,75.0,,,0,0,,False,0,1,0,0,0,25,,Insufficient history
Customer_00083,7,2026-08-02,Standard,mid_value,13,108,21,24,100,75,100,92.5,,,0,0,,False,0,1,0,0,0,25,,Insufficient history
Customer_00083,7,2026-08-03,Standard,mid_value,6,100,21,15,100,75,100,92.5,,,0,0,,False,0,1,0,0,0,25,,Insufficient history
Customer_00083,7,2026-08-04,Standard,mid_value,13,95,24,21,75,75,100,80.0,,,1,1,,False,0,1,0,0,0,25,,Insufficient history
Customer_00083,7,2026-08-05,Standard,mid_value,13,93,3,20,75,100,100,87.5,,,1,1,,False,0,0,0,0,0,0,,Insufficient history
Customer_00084,2,2026-08-01,Standard,mid_value,6,88,29,33,75,75,75,75.0,,,1,1,,False,0,1,0,0,0,25,,Insufficient history
Customer_00084,2,2026-08-02,Standard,mid_value,6,98,28,42,75,75,75,75.0,,,1,1,,False,0,1,1,0,0,45,,Insufficient history
Customer_00084,2,2026-08-03,Standard,mid_value,9,119,27,12,100,75,100,92.5,,,1,1,,False,0,1,0,0,0,25,,Insufficient history
Customer_00084,2,2026-08-04,Standard,mid_value,6,83,16,25,75,75,100,80.0,,,1,1,,False,0,0,0,0,0,0,,Insufficient history
Customer_00084,2,2026-08-05,Standard,mid_value,6,118,18,49,100,75,75,87.5,,,1,1,,False,0,0,1,0,0,20,,Insufficient history
Customer_00085,5,2026-08-01,Premium,high_value,15,210,17,44,100,75,75,87.5,,,0,0,,False,0,0,1,0,0,20,,Insufficient history
Customer_00085,5,2026-08-02,Premium,high_value,22,171,27,21,100,75,100,92.5,,,0,0,,False,0,1,0,0,0,25,,Insufficient history
Customer_00085,5,2026-08-03,Premium,high_value,19,187,15,20,100,75,100,92.5,,,0,0,,False,0,0,0,0,0,0,,Insufficient history
Customer_00085,5,2026-08-04,Premium,high_value,20,161,28,38,100,75,75,87.5,,,1,1,,False,0,1,0,0,0,25,,Insufficient history
Customer_00085,5,2026-08-05,Premium,high_value,11,243,10,36,100,100,75,95.0,,,1,1,,False,0,0,0,0,0,0,,Insufficient history
Customer_00086,8,2026-08-01,Premium,high_value,15,204,26,13,100,75,100,92.5,,,0,0,,False,0,1,0,0,0,25,,Insufficient history
Customer_00086,8,2026-08-02,Premium,high_value,17,225,10,21,100,100,100,100.0,,,0,0,,False,0,0,0,0,0,0,,Insufficient history
Customer_00086,8,2026-08-03,Premium,high_value,18,250,10,22,100,100,100,100.0,,,0,0,,False,0,0,0,0,0,0,,Insufficient history
Customer_00086,8,2026-08-04,Premium,high_value,21,243,26,32,100,75,75,87.5,,,0,0,,False,0,1,0,0,0,25,,Insufficient history
Customer_00086,8,2026-08-05,Premium,high_value,19,159,16,32,100,75,75,87.5,,,0,0,,False,0,0,0,0,0,0,,Insufficient history
Customer_00087,7,2026-08-01,Basic,low_value,3,48,2,24,50,100,100,75.0,,,0,0,,False,0,0,0,0,0,0,,Insufficient history
Customer_00087,7,2026-08-02,Basic,low_value,3,59,30,32,75,75,75,75.0,,,0,0,,False,0,1,0,0,0,25,,Insufficient history
Customer_00087,7,2026-08-03,Basic,low_value,5,53,18,17,75,75,100,80.0,,,0,0,,False,0,0,0,0,0,0,,Insufficient history
Customer_00087,7,2026-08-04,Basic,low_value,4,43,17,31,50,75,75,62.5,,,0,0,,False,0,0,0,0,0,0,,Insufficient history
Customer_00087,7,2026-08-05,Basic,low_value,4,59,28,48,75,75,75,75.0,,,0,0,,False,0,1,1,0,0,45,,Insufficient history
Customer_00088,6,2026-08-01,Standard,mid_value,12,108,3,11,100,100,100,100.0,,,0,0,,False,0,0,0,0,0,0,,Insufficient history
Customer_00088,6,2026-08-02,Standard,mid_value,10,93,9,25,75,100,100,87.5,,,0,0,,False,0,0,0,0,0,0,,Insufficient history
Customer_00088,6,2026-08-03,Standard,mid_value,9,81,28,17,75,75,100,80.0,,,0,0,,False,0,1,0,0,0,25,,Insufficient history
Customer_00088,6,2026-08-04,Standard,mid_value,14,83,0,22,75,100,100,87.5,,,0,0,,False,0,0,0,0,0,0,,Insufficient history
Customer_00088,6,2026-08-05,Standard,mid_value,6,105,19,20,100,75,100,92.5,,,0,0,,False,0,0,0,0,0,0,,Insufficient history
Customer_00089,4,2026-08-01,Standard,mid_value,14,97,17,26,75,75,100,80.0,,,0,0,,False,0,0,0,0,0,0,,Insufficient history
Customer_00089,4,2026-08-02,Standard,mid_value,10,115,19,35,100,75,75,87.5,,,0,0,,False,0,0,0,0,0,0,,Insufficient history
Customer_00089,4,2026-08-03,Standard,mid_value,6,109,28,18,100,75,100,92.5,,,0,0,,False,0,1,0,0,0,25,,Insufficient history
Customer_00089,4,2026-08-04,Standard,mid_value,15,90,23,38,75,75,75,75.0,,,0,0,,False,0,1,0,0,0,25,,Insufficient history
Customer_00089,4,2026-08-05,Standard,mid_value,13,106,2,40,100,100,75,95.0,,,0,0,,False,0,0,0,0,0,0,,Insufficient history
Customer_00090,1,2026-08-01,Premium,high_value,10,240,9,14,100,100,100,100.0,,,0,0,,False,0,0,0,0,0,0,,Insufficient history
Customer_00090,1,2026-08-02,Premium,high_value,22,184,19,22,100,75,100,92.5,,,0,0,,False,0,0,0,0,0,0,,Insufficient history
Customer_00090,1,2026-08-03,Premium,high_value,14,187,2,30,100,100,100,100.0,,,0,0,,False,0,0,0,0,0,0,,Insufficient history
Customer_00090,1,2026-08-04,Premium,high_value,11,250,9,41,100,100,75,95.0,,,1,1,,False,0,0,1,0,0,20,,Insufficient history
Customer_00090,1,2026-08-05,Premium,high_value,24,198,17,15,100,75,100,92.5,,,1,1,,False,0,0,0,0,0,0,,Insufficient history
Customer_00091,6,2026-08-01,Basic,low_value,4,43,6,44,50,100,75,70.0,,,0,0,,False,0,0,1,0,0,20,,Insufficient history
Customer_00091,6,2026-08-02,Basic,low_value,1,56,8,34,75,100,75,82.5,,,0,0,,False,0,0,0,0,0,0,,Insufficient history
Customer_00091,6,2026-08-03,Basic,low_value,5,59,4,16,75,100,100,87.5,,,0,0,,False,0,0,0,0,0,0,,Insufficient history
Customer_00091,6,2026-08-04,Basic,low_value,2,46,0,18,50,100,100,75.0,,,0,0,,False,0,0,0,0,0,0,,Insufficient history
Customer_00091,6,2026-08-05,Basic,low_value,5,53,29,44,75,75,75,75.0,,,1,1,,False,0,1,1,0,0,45,,Insufficient history
Customer_00092,1,2026-08-01,Standard,mid_value,12,100,7,47,100,100,75,95.0,,,0,0,,False,0,0,1,0,0,20,,Insufficient history
Customer_00092,1,2026-08-02,Standard,mid_value,9,95,13,49,75,75,75,75.0,,,0,0,,False,0,0,1,0,0,20,,Insufficient history
Customer_00092,1,2026-08-03,Standard,mid_value,11,111,23,14,100,75,100,92.5,,,0,0,,False,0,1,0,0,0,25,,Insufficient history
Customer_00092,1,2026-08-04,Standard,mid_value,13,95,8,32,75,100,75,82.5,,,0,0,,False,0,0,0,0,0,0,,Insufficient history
Customer_00092,1,2026-08-05,Standard,mid_value,13,110,14,33,100,75,75,87.5,,,0,0,,False,0,0,0,0,0,0,,Insufficient history
Customer_00093,3,2026-08-01,Standard,mid_value,9,109,23,34,100,75,75,87.5,,,0,0,,False,0,1,0,0,0,25,,Insufficient history
Customer_00093,3,2026-08-02,Standard,mid_value,11,80,22,25,75,75,100,80.0,,,0,0,,False,0,1,0,0,0,25,,Insufficient history
Customer_00093,3,2026-08-03,Standard,mid_value,12,102,25,16,100,75,100,92.5,,,0,0,,False,0,1,0,0,0,25,,Insufficient history
Customer_00093,3,2026-08-04,Standard,mid_value,6,106,19,46,100,75,75,87.5,,,0,0,,False,0,0,1,0,0,20,,Insufficient history
Customer_00093,3,2026-08-05,Standard,mid_value,6,98,9,41,75,100,75,82.5,,,0,0,,False,0,0,1,0,0,20,,Insufficient history
Customer_00094,4,2026-08-01,Standard,mid_value,15,110,26,14,100,75,100,92.5,,,1,1,,False,0,1,0,0,0,25,,Insufficient history
Customer_00094,4,2026-08-02,Standard,mid_value,6,87,12,15,75,75,100,80.0,,,1,1,,False,0,0,0,0,0,0,,Insufficient history
Customer_00094,4,2026-08-03,Standard,mid_value,14,120,6,30,100,100,100,100.0,,,1,1,,False,0,0,0,0,0,0,,Insufficient history
Customer_00094,4,2026-08-04,Standard,mid_value,14,87,2,44,75,100,75,82.5,,,1,1,,False,0,0,1,0,0,20,,Insufficient history
Customer_00094,4,2026-08-05,Standard,mid_value,10,106,14,22,100,75,100,92.5,,,1,1,,False,0,0,0,0,0,0,,Insufficient history
Customer_00095,10,2026-08-01,Standard,mid_value,6,94,30,42,75,75,75,75.0,,,1,1,,False,0,1,1,0,0,45,,Insufficient history
Customer_00095,10,2026-08-02,Standard,mid_value,15,96,3,33,75,100,75,82.5,,,1,1,,False,0,0,0,0,0,0,,Insufficient history
Customer_00095,10,2026-08-03,Standard,mid_value,12,109,5,41,100,100,75,95.0,,,1,1,,False,0,0,1,0,0,20,,Insufficient history
Customer_00095,10,2026-08-04,Standard,mid_value,6,99,16,17,75,75,100,80.0,,,1,1,,False,0,0,0,0,0,0,,Insufficient history
Customer_00095,10,2026-08-05,Standard,mid_value,9,112,1,46,100,100,75,95.0,,,1,1,,False,0,0,1,0,0,20,,Insufficient history
Customer_00096,3,2026-08-01,Standard,mid_value,8,96,16,36,75,75,75,75.0,,,0,0,,False,0,0,0,0,0,0,,Insufficient history
Customer_00096,3,2026-08-02,Standard,mid_value,10,104,23,19,100,75,100,92.5,,,0,0,,False,0,1,0,0,0,25,,Insufficient history
Customer_00096,3,2026-08-03,Standard,mid_value,7,91,27,15,75,75,100,80.0,,,1,1,,False,0,1,0,0,0,25,,Insufficient history
Customer_00096,3,2026-08-04,Standard,mid_value,6,84,25,49,75,75,75,75.0,,,1,1,,False,0,1,1,0,0,45,,Insufficient history
Customer_00096,3,2026-08-05,Standard,mid_value,14,82,13,21,75,75,100,80.0,,,1,1,,False,0,0,0,0,0,0,,Insufficient history
Customer_00097,9,2026-08-01,Standard,mid_value,13,101,23,13,100,75,100,92.5,,,0,0,,False,0,1,0,0,0,25,,Insufficient history
Customer_00097,9,2026-08-02,Standard,mid_value,10,89,24,38,75,75,75,75.0,,,1,1,,False,0,1,0,0,0,25,,Insufficient history
Customer_00097,9,2026-08-03,Standard,mid_value,9,93,0,41,75,100,75,82.5,,,1,1,,False,0,0,1,0,0,20,,Insufficient history
Customer_00097,9,2026-08-04,Standard,mid_value,9,109,21,27,100,75,100,92.5,,,1,1,,False,0,1,0,0,0,25,,Insufficient history
Customer_00097,9,2026-08-05,Standard,mid_value,13,93,18,26,75,75,100,80.0,,,1,1,,False,0,0,0,0,0,0,,Insufficient history
Customer_00098,9,2026-08-01,Standard,mid_value,12,103,0,11,100,100,100,100.0,,,0,0,,False,0,0,0,0,0,0,,Insufficient history
Customer_00098,9,2026-08-02,Standard,mid_value,15,95,10,39,75,100,75,82.5,,,0,0,,False,0,0,0,0,0,0,,Insufficient history
Customer_00098,9,2026-08-03,Standard,mid_value,12,113,3,40,100,100,75,95.0,,,0,0,,False,0,0,0,0,0,0,,Insufficient history
Customer_00098,9,2026-08-04,Standard,mid_value,12,110,26,25,100,75,100,92.5,,,0,0,,False,0,1,0,0,0,25,,Insufficient history
Customer_00098,9,2026-08-05,Standard,mid_value,8,118,24,33,100,75,75,87.5,,,0,0,,False,0,1,0,0,0,25,,Insufficient history
Customer_00099,1,2026-08-01,Premium,high_value,13,221,23,19,100,75,100,92.5,,,0,0,,False,0,1,0,0,0,25,,Insufficient history
Customer_00099,1,2026-08-02,Premium,high_value,22,221,20,32,100,75,75,87.5,,,0,0,,False,0,0,0,0,0,0,,Insufficient history
Customer_00099,1,2026-08-03,Premium,high_value,12,195,24,18,100,75,100,92.5,,,0,0,,False,0,1,0,0,0,25,,Insufficient history
Customer_00099,1,2026-08-04,Premium,high_value,22,157,30,50,100,75,75,87.5,,,0,0,,False,0,1,1,0,0,45,,Insufficient history
Customer_00099,1,2026-08-05,Premium,high_value,18,208,8,49,100,100,75,95.0,,,0,0,,False,0,0,1,0,0,20,,Insufficient history
Customer_00100,7,2026-08-01,Standard,mid_value,11,96,29,42,75,75,75,75.0,,,1,1,,False,0,1,1,0,0,45,,Insufficient history
Customer_00100,7,2026-08-02,Standard,mid_value,10,98,26,22,75,75,100,80.0,,,1,1,,False,0,1,0,0,0,25,,Insufficient history
Customer_00100,7,2026-08-03,Standard,mid_value,5,95,21,11,75,75,100,80.0,,,1,1,,False,0,1,0,0,0,25,,Insufficient history
Customer_00100,7,2026-08-04,Standard,mid_value,6,101,13,12,100,75,100,92.5,,,1,1,,False,0,0,0,0,0,0,,Insufficient history
Customer_00100,7,2026-08-05,Standard,mid_value,14,84,28,25,75,75,100,80.0,,,1,1,,False,0,1,0,0,0,25,,Insufficient history
